viewport,screen,element,role,type,label,box_w_x_h,tap_area_w_x_h,status,tapped_through,covered_by
iphone13,sign-in: venue picker,input,,radio,Roses Kebab Land,22×22,161×57,ok,label,
iphone13,sign-in: venue picker,input,,radio,Senso Café & Bites,22×22,161×57,ok,label,
iphone13,sign-in: venue picker,input,,password,PIN,316×54,161×82,ok,label,
iphone13,sign-in: venue picker,button,,submit,Sign in,316×50,161×50,ok,,
iphone13,sign-in: venue picker,a,,,Admin with email and password instead,273×44,161×44,ok,,
iphone13,sign-in: PIN,input,,password,PIN,316×54,161×82,ok,label,
iphone13,sign-in: PIN,button,,submit,Sign in,316×50,161×50,ok,,
iphone13,sign-in: PIN,a,,,Admin with email and password instead,273×44,161×44,ok,,
iphone13,sign-in: PIN,a,,,Other venue,95×44,96×44,ok,,
iphone13,sign-in: email and password,input,,email,Email,316×46,161×75,ok,label,
iphone13,sign-in: email and password,input,,password,Password,316×46,161×74,ok,label,
iphone13,sign-in: email and password,button,,submit,Sign in,316×50,161×50,ok,,
iphone13,sign-in: email and password,a,,,Sign in with a PIN instead,181×44,161×44,ok,,
iphone13,menu,summary,,,Switch venue,195×44,161×45,ok,,
iphone13,menu,a,,,Team,81×44,82×45,ok,,
iphone13,menu,summary,,,Account,66×44,66×45,ok,,
iphone13,menu,a,,,Menu,67×36,69×44,ok,,
iphone13,menu,a,,,Style,64×36,65×44,ok,,
iphone13,menu,a,,,Details,77×36,78×44,ok,,
iphone13,menu,button,,button,Preview,101×44,101×44,ok,,
iphone13,menu,button,,button,138 need a price,125×44,126×44,ok,,
iphone13,menu,button,,button,138 missing Persian,146×44,146×44,ok,,
iphone13,menu,button,,button,151 without a photo,143×44,144×44,ok,,
iphone13,menu,input,,search,Search items,184×44,161×44,ok,,
iphone13,menu,select,,,Jump to section,174×44,161×44,ok,,
iphone13,menu,button,,button,Collapse Senso Signature,44×44,44×44,ok,,
iphone13,menu,button,,button,Senso Signature13ویژه سنسو,126×44,127×44,ok,,
iphone13,menu,button,,button,Add item to Senso Signature,67×44,67×44,ok,,
iphone13,menu,button,,button,Section menu: Senso Signature,44×44,44×44,ok,,
iphone13,menu,input,switch,checkbox,Senso Signature: shown. Tap to hide,51×31,51×44,ok,,
iphone13,menu,button,,button,Edit Pumpkin Sundae,208×56,161×56,ok,,
iphone13,menu,button,,button,Price $16.49. Tap to change,72×44,72×44,ok,,
iphone13,menu,input,switch,checkbox,Pumpkin Sundae: shown. Tap to hide,51×31,52×44,ok,,
iphone13,menu,button,,button,Edit Carrot Juice with Ice cream,208×56,161×56,ok,,
iphone13,menu,button,,button,Price $12.99. Tap to change,72×44,72×44,ok,,
iphone13,menu,input,switch,checkbox,Carrot Juice with Ice cream: shown. Tap to hide,51×31,52×44,ok,,
iphone13,menu,button,,button,Edit Ice cream & Falooda,208×56,161×56,ok,,
iphone13,menu,button,,button,Price $11.99. Tap to change,72×44,72×44,ok,,
iphone13,menu,input,switch,checkbox,Ice cream & Falooda: shown. Tap to hide,51×31,52×44,ok,,
iphone13,menu,button,,button,Edit Banana & Pistachio Milk,208×56,161×56,ok,,
iphone13,menu,button,,button,Price $15.49. Tap to change,72×44,72×44,ok,,
iphone13,menu,input,switch,checkbox,Banana & Pistachio Milk: shown. Tap to hide,51×31,52×44,ok,,
iphone13,menu,button,,button,Edit Pomegranate majoun,208×56,161×56,ok,,
iphone13,menu,button,,button,Price $19.99. Tap to change,72×44,72×44,ok,,
iphone13,menu,input,switch,checkbox,Pomegranate majoun: shown. Tap to hide,51×31,52×44,ok,,
iphone13,menu,button,,button,Edit Majoun,208×56,161×56,ok,,
iphone13,menu,button,,button,Price $21.99. Tap to change,72×44,72×44,ok,,
iphone13,menu,input,switch,checkbox,Majoun: shown. Tap to hide,51×31,52×44,ok,,
iphone13,menu,button,,button,Edit Regular Majoun,196×71,161×71,ok,,
iphone13,menu,button,,button,No price. Tap to add one,84×44,85×45,ok,,
iphone13,menu,input,switch,checkbox,Regular Majoun: hidden. Tap to show,51×31,52×45,ok,,
iphone13,menu,button,,button,Edit Bowl Majoun,196×71,161×71,ok,,
iphone13,menu,button,,button,No price. Tap to add one,84×44,85×45,ok,,
iphone13,menu,input,switch,checkbox,Bowl Majoun: hidden. Tap to show,51×31,52×45,ok,,
iphone13,menu,button,,button,Edit Pistachio Milk,196×71,161×71,ok,,
iphone13,menu,button,,button,No price. Tap to add one,84×44,85×45,ok,,
iphone13,menu,input,switch,checkbox,Pistachio Milk: hidden. Tap to show,51×31,52×45,ok,,
iphone13,menu,button,,button,Edit Banana Milk,196×71,161×71,ok,,
iphone13,menu,button,,button,No price. Tap to add one,84×44,85×45,ok,,
iphone13,menu,input,switch,checkbox,Banana Milk: hidden. Tap to show,51×31,52×45,ok,,
iphone13,menu,button,,button,Edit Summer Breeze,196×71,161×71,ok,,
iphone13,menu,button,,button,No price. Tap to add one,84×44,85×45,ok,,
iphone13,menu,input,switch,checkbox,Summer Breeze: hidden. Tap to show,51×31,52×45,ok,,
iphone13,menu,button,,button,Edit Red Berry Mojito,196×71,161×71,ok,,
iphone13,menu,button,,button,No price. Tap to add one,84×44,85×45,ok,,
iphone13,menu,input,switch,checkbox,Red Berry Mojito: hidden. Tap to show,51×31,52×45,ok,,
iphone13,menu,button,,button,Edit Majoun Bowl,196×56,161×56,ok,,
iphone13,menu,button,,button,No price. Tap to add one,84×44,85×44,ok,,
iphone13,menu,input,switch,checkbox,Majoun Bowl: hidden. Tap to show,51×31,52×44,ok,,
iphone13,menu,button,,button,Collapse Hot Beverage,44×44,44×44,ok,,
iphone13,menu,button,,button,Hot Beverage19نوشیدنی گرم,126×44,127×44,ok,,
iphone13,menu,button,,button,Add item to Hot Beverage,67×44,67×44,ok,,
iphone13,menu,button,,button,Section menu: Hot Beverage,44×44,44×44,ok,,
iphone13,menu,input,switch,checkbox,Hot Beverage: shown. Tap to hide,51×31,51×44,ok,,
iphone13,menu,button,,button,Edit Turkish Coffee,208×56,161×56,ok,,
iphone13,menu,button,,button,Price $6.59. Tap to change,72×44,72×44,ok,,
iphone13,menu,input,switch,checkbox,Turkish Coffee: shown. Tap to hide,51×31,52×44,ok,,
iphone13,menu,button,,button,Edit Brewing Coffee Large,208×56,161×56,ok,,
iphone13,menu,button,,button,Price $3.99. Tap to change,72×44,72×44,ok,,
iphone13,menu,input,switch,checkbox,Brewing Coffee Large: shown. Tap to hide,51×31,52×44,ok,,
iphone13,menu,button,,button,Edit Brewing Coffee Medium,208×56,161×56,ok,,
iphone13,menu,button,,button,Price $2.99. Tap to change,72×44,72×44,ok,,
iphone13,menu,input,switch,checkbox,Brewing Coffee Medium: shown. Tap to hide,51×31,52×44,ok,,
iphone13,menu,button,,button,Edit Espresso (Double),208×56,161×56,ok,,
iphone13,menu,button,,button,Price $5.99. Tap to change,72×44,72×44,ok,,
iphone13,menu,input,switch,checkbox,Espresso (Double): shown. Tap to hide,51×31,52×44,ok,,
iphone13,menu,button,,button,Edit Espresso (Single),208×56,161×56,ok,,
iphone13,menu,button,,button,Price $4.49. Tap to change,72×44,72×44,ok,,
iphone13,menu,input,switch,checkbox,Espresso (Single): shown. Tap to hide,51×31,52×44,ok,,
iphone13,menu,button,,button,Edit Americano,208×56,161×56,ok,,
iphone13,menu,button,,button,Price $5.99. Tap to change,72×44,72×44,ok,,
iphone13,menu,input,switch,checkbox,Americano: shown. Tap to hide,51×31,52×44,ok,,
iphone13,menu,button,,button,Edit Latte,208×56,161×56,ok,,
iphone13,menu,button,,button,Price $7.49. Tap to change,72×44,72×44,ok,,
iphone13,menu,input,switch,checkbox,Latte: shown. Tap to hide,51×31,52×44,ok,,
iphone13,menu,button,,button,Edit Vanilla Latte,208×56,161×56,ok,,
iphone13,menu,button,,button,Price $7.99. Tap to change,72×44,72×44,ok,,
iphone13,menu,input,switch,checkbox,Vanilla Latte: shown. Tap to hide,51×31,52×44,ok,,
iphone13,menu,button,,button,Edit Organic Beet Latte,208×56,161×56,ok,,
iphone13,menu,button,,button,Price $7.99. Tap to change,72×44,72×44,ok,,
iphone13,menu,input,switch,checkbox,Organic Beet Latte: shown. Tap to hide,51×31,52×44,ok,,
iphone13,menu,button,,button,Edit Hazelnut Latte,208×56,161×56,ok,,
iphone13,menu,button,,button,Price $7.99. Tap to change,72×44,72×44,ok,,
iphone13,menu,input,switch,checkbox,Hazelnut Latte: shown. Tap to hide,51×31,52×44,ok,,
iphone13,menu,button,,button,Edit Cappuccino,208×56,161×56,ok,,
iphone13,menu,button,,button,Price $6.99. Tap to change,72×44,72×44,ok,,
iphone13,menu,input,switch,checkbox,Cappuccino: shown. Tap to hide,51×31,52×44,ok,,
iphone13,menu,button,,button,Edit Mocha,208×56,161×56,ok,,
iphone13,menu,button,,button,Price $7.99. Tap to change,72×44,72×44,ok,,
iphone13,menu,input,switch,checkbox,Mocha: shown. Tap to hide,51×31,52×44,ok,,
iphone13,menu,button,,button,Edit Caramel Macchiato,208×56,161×56,ok,,
iphone13,menu,button,,button,Price $7.99. Tap to change,72×44,72×44,ok,,
iphone13,menu,input,switch,checkbox,Caramel Macchiato: shown. Tap to hide,51×31,52×44,ok,,
iphone13,menu,button,,button,Edit Affogato,208×56,161×56,ok,,
iphone13,menu,button,,button,Price $9.99. Tap to change,72×44,72×44,ok,,
iphone13,menu,input,switch,checkbox,Affogato: shown. Tap to hide,51×31,52×44,ok,,
iphone13,menu,button,,button,Edit Hot chocolate,208×56,161×56,ok,,
iphone13,menu,button,,button,Price $6.99. Tap to change,72×44,72×44,ok,,
iphone13,menu,input,switch,checkbox,Hot chocolate: shown. Tap to hide,51×31,52×44,ok,,
iphone13,menu,button,,button,Edit Matcha Latte,208×56,161×56,ok,,
iphone13,menu,button,,button,Price $7.99. Tap to change,72×44,72×44,ok,,
iphone13,menu,input,switch,checkbox,Matcha Latte: shown. Tap to hide,51×31,52×44,ok,,
iphone13,menu,button,,button,Edit Brewing Coffee,196×71,161×71,ok,,
iphone13,menu,button,,button,No price. Tap to add one,84×44,85×45,ok,,
iphone13,menu,input,switch,checkbox,Brewing Coffee: hidden. Tap to show,51×31,52×45,ok,,
iphone13,menu,button,,button,Edit Espresso,196×71,161×71,ok,,
iphone13,menu,button,,button,No price. Tap to add one,84×44,85×45,ok,,
iphone13,menu,input,switch,checkbox,Espresso: hidden. Tap to show,51×31,52×45,ok,,
iphone13,menu,button,,button,Edit Pumpkin Spice Latte,196×71,161×71,ok,,
iphone13,menu,button,,button,No price. Tap to add one,84×44,85×45,ok,,
iphone13,menu,input,switch,checkbox,Pumpkin Spice Latte: hidden. Tap to show,51×31,52×45,ok,,
iphone13,menu,button,,button,Collapse Tea & Herbal Tea,44×44,44×44,ok,,
iphone13,menu,button,,button,Tea & Herbal Tea15چاى و دمنوش,126×44,127×44,ok,,
iphone13,menu,button,,button,Add item to Tea & Herbal Tea,67×44,67×44,ok,,
iphone13,menu,button,,button,Section menu: Tea & Herbal Tea,44×44,44×44,ok,,
iphone13,menu,input,switch,checkbox,Tea & Herbal Tea: shown. Tap to hide,51×31,51×44,ok,,
iphone13,menu,button,,button,Edit Tea,208×56,161×56,ok,,
iphone13,menu,button,,button,Price $2.29. Tap to change,72×44,72×44,ok,,
iphone13,menu,input,switch,checkbox,Tea: shown. Tap to hide,51×31,52×44,ok,,
iphone13,menu,button,,button,Edit Large Tea,208×56,161×56,ok,,
iphone13,menu,button,,button,Price $3.99. Tap to change,72×44,72×44,ok,,
iphone13,menu,input,switch,checkbox,Large Tea: shown. Tap to hide,51×31,52×44,ok,,
iphone13,menu,button,,button,Edit Borage with lime,208×65,161×65,ok,,
iphone13,menu,button,,button,Price $7.49. Tap to change,72×44,72×45,ok,,
iphone13,menu,input,switch,checkbox,Borage with lime: shown. Tap to hide,51×31,52×45,ok,,
iphone13,menu,button,,button,Edit Allergy Herbal Tea,208×56,161×57,ok,,
iphone13,menu,button,,button,Price $7.49. Tap to change,72×44,72×45,ok,,
iphone13,menu,input,switch,checkbox,Allergy Herbal Tea: shown. Tap to hide,51×31,52×45,ok,,
iphone13,menu,button,,button,Edit Apple & Cinnamon Herbal Tea,208×65,161×65,ok,,
iphone13,menu,button,,button,Price $7.99. Tap to change,72×44,72×45,ok,,
iphone13,menu,input,switch,checkbox,Apple & Cinnamon Herbal Tea: shown. Tap to hide,51×31,52×45,ok,,
iphone13,menu,button,,button,Edit Del Roba,208×56,161×56,ok,,
iphone13,menu,button,,button,Price $7.49. Tap to change,72×44,72×44,ok,,
iphone13,menu,input,switch,checkbox,Del Roba: shown. Tap to hide,51×31,52×44,ok,,
iphone13,menu,button,,button,Edit Digestive Herbal Tea,208×56,161×56,ok,,
iphone13,menu,button,,button,Price $7.49. Tap to change,72×44,72×44,ok,,
iphone13,menu,input,switch,checkbox,Digestive Herbal Tea: shown. Tap to hide,51×31,52×44,ok,,
iphone13,menu,button,,button,Edit Green tea,208×56,161×56,ok,,
iphone13,menu,button,,button,Price $7.49. Tap to change,72×44,72×44,ok,,
iphone13,menu,input,switch,checkbox,Green tea: shown. Tap to hide,51×31,52×44,ok,,
iphone13,menu,button,,button,Edit Naz Bano Herbal Tea,208×56,161×56,ok,,
iphone13,menu,button,,button,Price $7.49. Tap to change,72×44,72×44,ok,,
iphone13,menu,input,switch,checkbox,Naz Bano Herbal Tea: shown. Tap to hide,51×31,52×44,ok,,
iphone13,menu,button,,button,Edit Power Herbal Tea,208×56,161×56,ok,,
iphone13,menu,button,,button,Price $7.49. Tap to change,72×44,72×44,ok,,
iphone13,menu,input,switch,checkbox,Power Herbal Tea: shown. Tap to hide,51×31,52×44,ok,,
iphone13,menu,button,,button,Edit Relaxing Herbal Tea,208×56,161×56,ok,,
iphone13,menu,button,,button,Price $7.49. Tap to change,72×44,72×44,ok,,
iphone13,menu,input,switch,checkbox,Relaxing Herbal Tea: shown. Tap to hide,51×31,52×44,ok,,
iphone13,menu,button,,button,Edit Saffron Herbal Tea,208×56,161×56,ok,,
iphone13,menu,button,,button,Price $7.99. Tap to change,72×44,72×44,ok,,
iphone13,menu,input,switch,checkbox,Saffron Herbal Tea: shown. Tap to hide,51×31,52×44,ok,,
iphone13,menu,button,,button,Edit Stressless Herbal Tea,208×56,161×56,ok,,
iphone13,menu,button,,button,Price $7.49. Tap to change,72×44,72×44,ok,,
iphone13,menu,input,switch,checkbox,Stressless Herbal Tea: shown. Tap to hide,51×31,52×44,ok,,
iphone13,menu,button,,button,Edit Women's Life Herbal Tea,208×56,161×56,ok,,
iphone13,menu,button,,button,Price $7.49. Tap to change,72×44,72×44,ok,,
iphone13,menu,input,switch,checkbox,Women's Life Herbal Tea: shown. Tap to hide,51×31,52×44,ok,,
iphone13,menu,button,,button,Edit Del Roba Herbal Tea,196×71,161×71,ok,,
iphone13,menu,button,,button,No price. Tap to add one,84×44,85×45,ok,,
iphone13,menu,input,switch,checkbox,Del Roba Herbal Tea: hidden. Tap to show,51×31,52×45,ok,,
iphone13,menu,button,,button,Collapse Cold Beverage,44×44,44×44,ok,,
iphone13,menu,button,,button,Cold Beverage10نوشیدنی سرد,126×44,127×44,ok,,
iphone13,menu,button,,button,Add item to Cold Beverage,67×44,67×44,ok,,
iphone13,menu,button,,button,Section menu: Cold Beverage,44×44,44×44,ok,,
iphone13,menu,input,switch,checkbox,Cold Beverage: shown. Tap to hide,51×31,51×44,ok,,
iphone13,menu,button,,button,Edit Ice pistachio latte,208×56,161×56,ok,,
iphone13,menu,button,,button,Price $9.99. Tap to change,72×44,72×44,ok,,
iphone13,menu,input,switch,checkbox,Ice pistachio latte: shown. Tap to hide,51×31,52×44,ok,,
iphone13,menu,button,,button,Edit Ice saffron latte,208×56,161×56,ok,,
iphone13,menu,button,,button,Price $9.99. Tap to change,72×44,72×44,ok,,
iphone13,menu,input,switch,checkbox,Ice saffron latte: shown. Tap to hide,51×31,52×44,ok,,
iphone13,menu,button,,button,Edit Iced Americano,208×56,161×56,ok,,
iphone13,menu,button,,button,Price $5.99. Tap to change,72×44,72×44,ok,,
iphone13,menu,input,switch,checkbox,Iced Americano: shown. Tap to hide,51×31,52×44,ok,,
iphone13,menu,button,,button,Edit Iced Latte,208×56,161×56,ok,,
iphone13,menu,button,,button,Price $7.49. Tap to change,72×44,72×44,ok,,
iphone13,menu,input,switch,checkbox,Iced Latte: shown. Tap to hide,51×31,52×44,ok,,
iphone13,menu,button,,button,Edit Iced Vanilla Latte,208×65,161×65,ok,,
iphone13,menu,button,,button,Price $7.99. Tap to change,72×44,72×45,ok,,
iphone13,menu,input,switch,checkbox,Iced Vanilla Latte: shown. Tap to hide,51×31,52×45,ok,,
iphone13,menu,button,,button,Edit Iced Hazelnut Latte,208×65,161×65,ok,,
iphone13,menu,button,,button,Price $7.99. Tap to change,72×44,72×45,ok,,
iphone13,menu,input,switch,checkbox,Iced Hazelnut Latte: shown. Tap to hide,51×31,52×45,ok,,
iphone13,menu,button,,button,Edit Iced Caramel Macchiato,208×65,161×65,ok,,
iphone13,menu,button,,button,Price $7.99. Tap to change,72×44,72×45,ok,,
iphone13,menu,input,switch,checkbox,Iced Caramel Macchiato: shown. Tap to hide,51×31,52×45,ok,,
iphone13,menu,button,,button,Edit Iced Matcha Latte,208×56,161×57,ok,,
iphone13,menu,button,,button,Price $7.99. Tap to change,72×44,72×45,ok,,
iphone13,menu,input,switch,checkbox,Iced Matcha Latte: shown. Tap to hide,51×31,52×45,ok,,
iphone13,menu,button,,button,Edit Pumpkin Latte,208×56,161×57,ok,,
iphone13,menu,button,,button,Price $7.99. Tap to change,72×44,72×45,ok,,
iphone13,menu,input,switch,checkbox,Pumpkin Latte: shown. Tap to hide,51×31,52×45,ok,,
iphone13,menu,button,,button,Edit Iced Mocha,196×71,161×72,ok,,
iphone13,menu,button,,button,No price. Tap to add one,84×44,85×44,ok,,
iphone13,menu,input,switch,checkbox,Iced Mocha: hidden. Tap to show,51×31,52×44,ok,,
iphone13,menu,button,,button,Collapse Fresh Juice,44×44,44×45,ok,,
iphone13,menu,button,,button,Fresh Juice91آبمیوه طبیعی,126×44,127×45,ok,,
iphone13,menu,button,,button,Add item to Fresh Juice,67×44,67×45,ok,,
iphone13,menu,button,,button,Section menu: Fresh Juice,44×44,44×45,ok,,
iphone13,menu,input,switch,checkbox,Fresh Juice: shown. Tap to hide,51×31,51×45,ok,,
iphone13,menu,button,,button,Edit Green Mojito,208×56,161×57,ok,,
iphone13,menu,button,,button,Price $9.99. Tap to change,72×44,72×45,ok,,
iphone13,menu,input,switch,checkbox,Green Mojito: shown. Tap to hide,51×31,52×45,ok,,
iphone13,menu,button,,button,Edit Cantaloupe,208×56,161×57,ok,,
iphone13,menu,button,,button,Price $9.49. Tap to change,72×44,72×45,ok,,
iphone13,menu,input,switch,checkbox,Cantaloupe: shown. Tap to hide,51×31,52×45,ok,,
iphone13,menu,button,,button,Edit Orange,208×56,161×57,ok,,
iphone13,menu,button,,button,Price $10.99. Tap to change,72×44,72×45,ok,,
iphone13,menu,input,switch,checkbox,Orange: shown. Tap to hide,51×31,52×45,ok,,
iphone13,menu,button,,button,Edit Mango,208×56,161×57,ok,,
iphone13,menu,button,,button,Price $9.99. Tap to change,72×44,72×45,ok,,
iphone13,menu,input,switch,checkbox,Mango: shown. Tap to hide,51×31,52×45,ok,,
iphone13,menu,button,,button,Edit Watermelon,208×56,161×57,ok,,
iphone13,menu,button,,button,Price $9.99. Tap to change,72×44,72×45,ok,,
iphone13,menu,input,switch,checkbox,Watermelon: shown. Tap to hide,51×31,52×45,ok,,
iphone13,menu,button,,button,Edit Cancer Killer,208×56,161×57,ok,,
iphone13,menu,button,,button,Price $11.99. Tap to change,72×44,72×45,ok,,
iphone13,menu,input,switch,checkbox,Cancer Killer: shown. Tap to hide,51×31,52×45,ok,,
iphone13,menu,button,,button,Edit Carrot Juice,208×56,161×57,ok,,
iphone13,menu,button,,button,Price $9.99. Tap to change,72×44,72×45,ok,,
iphone13,menu,input,switch,checkbox,Carrot Juice: shown. Tap to hide,51×31,52×45,ok,,
iphone13,menu,button,,button,Edit Celery Juice,208×56,161×57,ok,,
iphone13,menu,button,,button,Price $9.49. Tap to change,72×44,72×45,ok,,
iphone13,menu,input,switch,checkbox,Celery Juice: shown. Tap to hide,51×31,52×45,ok,,
iphone13,menu,button,,button,Edit Strawberry Juice,196×71,161×72,ok,,
iphone13,menu,button,,button,No price. Tap to add one,84×44,85×44,ok,,
iphone13,menu,input,switch,checkbox,Strawberry Juice: hidden. Tap to show,51×31,52×44,ok,,
iphone13,menu,button,,button,Edit Kiwi Juice,196×71,161×72,ok,,
iphone13,menu,button,,button,No price. Tap to add one,84×44,85×44,ok,,
iphone13,menu,input,switch,checkbox,Kiwi Juice: hidden. Tap to show,51×31,52×44,ok,,
iphone13,menu,button,,button,Edit Apple Juice,196×71,161×72,ok,,
iphone13,menu,button,,button,No price. Tap to add one,84×44,85×44,ok,,
iphone13,menu,input,switch,checkbox,Apple Juice: hidden. Tap to show,51×31,52×44,ok,,
iphone13,menu,button,,button,Edit Pineapple Juice,196×71,161×72,ok,,
iphone13,menu,button,,button,No price. Tap to add one,84×44,85×44,ok,,
iphone13,menu,input,switch,checkbox,Pineapple Juice: hidden. Tap to show,51×31,52×44,ok,,
iphone13,menu,button,,button,Edit Pomegranate Juice,196×71,161×72,ok,,
iphone13,menu,button,,button,No price. Tap to add one,84×44,85×44,ok,,
iphone13,menu,input,switch,checkbox,Pomegranate Juice: hidden. Tap to show,51×31,52×44,ok,,
iphone13,menu,button,,button,Edit Banana Milk & Ice Cream,196×71,161×72,ok,,
iphone13,menu,button,,button,No price. Tap to add one,84×44,85×44,ok,,
iphone13,menu,input,switch,checkbox,Banana Milk & Ice Cream: hidden. Tap to show,51×31,52×44,ok,,
iphone13,menu,button,,button,Edit Banana & Honey Milk,196×71,161×72,ok,,
iphone13,menu,button,,button,No price. Tap to add one,84×44,85×44,ok,,
iphone13,menu,input,switch,checkbox,Banana & Honey Milk: hidden. Tap to show,51×31,52×44,ok,,
iphone13,menu,button,,button,Edit Banana & Coconut Milk,196×71,161×72,ok,,
iphone13,menu,button,,button,No price. Tap to add one,84×44,85×44,ok,,
iphone13,menu,input,switch,checkbox,Banana & Coconut Milk: hidden. Tap to show,51×31,52×44,ok,,
iphone13,menu,button,,button,Edit Banana & Carrot Milk,196×71,161×72,ok,,
iphone13,menu,button,,button,No price. Tap to add one,84×44,85×44,ok,,
iphone13,menu,input,switch,checkbox,Banana & Carrot Milk: hidden. Tap to show,51×31,52×44,ok,,
iphone13,menu,button,,button,Edit Carrot Juice & Ice Cream,196×71,161×72,ok,,
iphone13,menu,button,,button,No price. Tap to add one,84×44,85×44,ok,,
iphone13,menu,input,switch,checkbox,Carrot Juice & Ice Cream: hidden. Tap to show,51×31,52×44,ok,,
iphone13,menu,button,,button,Edit Carrot & Apple Juice,196×71,161×72,ok,,
iphone13,menu,button,,button,No price. Tap to add one,84×44,85×44,ok,,
iphone13,menu,input,switch,checkbox,Carrot & Apple Juice: hidden. Tap to show,51×31,52×44,ok,,
iphone13,menu,button,,button,Edit Carrot Juice & Banana,196×71,161×72,ok,,
iphone13,menu,button,,button,No price. Tap to add one,84×44,85×44,ok,,
iphone13,menu,input,switch,checkbox,Carrot Juice & Banana: hidden. Tap to show,51×31,52×44,ok,,
iphone13,menu,button,,button,Edit Carrot & Kiwi Juice,196×71,161×72,ok,,
iphone13,menu,button,,button,No price. Tap to add one,84×44,85×44,ok,,
iphone13,menu,input,switch,checkbox,Carrot & Kiwi Juice: hidden. Tap to show,51×31,52×44,ok,,
iphone13,menu,button,,button,Edit Carrot & Celery Juice,196×71,161×72,ok,,
iphone13,menu,button,,button,No price. Tap to add one,84×44,85×44,ok,,
iphone13,menu,input,switch,checkbox,Carrot & Celery Juice: hidden. Tap to show,51×31,52×44,ok,,
iphone13,menu,button,,button,Edit Strawberry & Aloe Vera Juice,196×71,161×72,ok,,
iphone13,menu,button,,button,No price. Tap to add one,84×44,85×44,ok,,
iphone13,menu,input,switch,checkbox,Strawberry & Aloe Vera Juice: hidden. Tap to show,51×31,52×44,ok,,
iphone13,menu,button,,button,Edit Strawberry & Pineapple Juice,196×71,161×72,ok,,
iphone13,menu,button,,button,No price. Tap to add one,84×44,85×44,ok,,
iphone13,menu,input,switch,checkbox,Strawberry & Pineapple Juice: hidden. Tap to show,51×31,52×44,ok,,
iphone13,menu,button,,button,Edit Strawberry Juice & Ice Cream,196×71,161×72,ok,,
iphone13,menu,button,,button,No price. Tap to add one,84×44,85×44,ok,,
iphone13,menu,input,switch,checkbox,Strawberry Juice & Ice Cream: hidden. Tap to show,51×31,52×44,ok,,
iphone13,menu,button,,button,Edit Strawberry & Orange Juice,196×71,161×72,ok,,
iphone13,menu,button,,button,No price. Tap to add one,84×44,85×44,ok,,
iphone13,menu,input,switch,checkbox,Strawberry & Orange Juice: hidden. Tap to show,51×31,52×44,ok,,
iphone13,menu,button,,button,Edit Strawberry & Peach Juice,196×71,161×72,ok,,
iphone13,menu,button,,button,No price. Tap to add one,84×44,85×44,ok,,
iphone13,menu,input,switch,checkbox,Strawberry & Peach Juice: hidden. Tap to show,51×31,52×44,ok,,
iphone13,menu,button,,button,Edit Strawberry Milk,196×71,161×72,ok,,
iphone13,menu,button,,button,No price. Tap to add one,84×44,85×44,ok,,
iphone13,menu,input,switch,checkbox,Strawberry Milk: hidden. Tap to show,51×31,52×44,ok,,
iphone13,menu,button,,button,Edit Strawberry & Ice Cream Milk,196×71,161×72,ok,,
iphone13,menu,button,,button,No price. Tap to add one,84×44,85×44,ok,,
iphone13,menu,input,switch,checkbox,Strawberry & Ice Cream Milk: hidden. Tap to show,51×31,52×44,ok,,
iphone13,menu,button,,button,Edit Kiwi & Apple Juice,196×71,161×72,ok,,
iphone13,menu,button,,button,No price. Tap to add one,84×44,85×44,ok,,
iphone13,menu,input,switch,checkbox,Kiwi & Apple Juice: hidden. Tap to show,51×31,52×44,ok,,
iphone13,menu,button,,button,Edit Kiwi & Grapefruit Juice,196×71,161×72,ok,,
iphone13,menu,button,,button,No price. Tap to add one,84×44,85×44,ok,,
iphone13,menu,input,switch,checkbox,Kiwi & Grapefruit Juice: hidden. Tap to show,51×31,52×44,ok,,
iphone13,menu,button,,button,Edit Kiwi & Celery Juice,196×71,161×72,ok,,
iphone13,menu,button,,button,No price. Tap to add one,84×44,85×44,ok,,
iphone13,menu,input,switch,checkbox,Kiwi & Celery Juice: hidden. Tap to show,51×31,52×44,ok,,
iphone13,menu,button,,button,Edit Kiwi & Pomegranate Juice,196×71,161×72,ok,,
iphone13,menu,button,,button,No price. Tap to add one,84×44,85×44,ok,,
iphone13,menu,input,switch,checkbox,Kiwi & Pomegranate Juice: hidden. Tap to show,51×31,52×44,ok,,
iphone13,menu,button,,button,"Edit Kiwi, Apple & Sweet Lemon Juice",196×71,161×72,ok,,
iphone13,menu,button,,button,No price. Tap to add one,84×44,85×44,ok,,
iphone13,menu,input,switch,checkbox,"Kiwi, Apple & Sweet Lemon Juice: hidden. Tap to show",51×31,52×44,ok,,
iphone13,menu,button,,button,Edit Kiwi & Orange Juice,196×71,161×72,ok,,
iphone13,menu,button,,button,No price. Tap to add one,84×44,85×44,ok,,
iphone13,menu,input,switch,checkbox,Kiwi & Orange Juice: hidden. Tap to show,51×31,52×44,ok,,
iphone13,menu,button,,button,Edit Cantaloupe & Aloe Vera Juice,196×71,161×72,ok,,
iphone13,menu,button,,button,No price. Tap to add one,84×44,85×44,ok,,
iphone13,menu,input,switch,checkbox,Cantaloupe & Aloe Vera Juice: hidden. Tap to show,51×31,52×44,ok,,
iphone13,menu,button,,button,Edit Cantaloupe & Pineapple Juice,196×71,161×72,ok,,
iphone13,menu,button,,button,No price. Tap to add one,84×44,85×44,ok,,
iphone13,menu,input,switch,checkbox,Cantaloupe & Pineapple Juice: hidden. Tap to show,51×31,52×44,ok,,
iphone13,menu,button,,button,Edit Cantaloupe & Peach Juice,196×71,161×72,ok,,
iphone13,menu,button,,button,No price. Tap to add one,84×44,85×44,ok,,
iphone13,menu,input,switch,checkbox,Cantaloupe & Peach Juice: hidden. Tap to show,51×31,52×44,ok,,
iphone13,menu,button,,button,Edit Cantaloupe & Watermelon Juice,196×71,161×72,ok,,
iphone13,menu,button,,button,No price. Tap to add one,84×44,85×44,ok,,
iphone13,menu,input,switch,checkbox,Cantaloupe & Watermelon Juice: hidden. Tap to show,51×31,52×44,ok,,
iphone13,menu,button,,button,Edit Cantaloupe Milk,196×71,161×72,ok,,
iphone13,menu,button,,button,No price. Tap to add one,84×44,85×44,ok,,
iphone13,menu,input,switch,checkbox,Cantaloupe Milk: hidden. Tap to show,51×31,52×44,ok,,
iphone13,menu,button,,button,Edit Cantaloupe Milk & Ice Cream,196×71,161×72,ok,,
iphone13,menu,button,,button,No price. Tap to add one,84×44,85×44,ok,,
iphone13,menu,input,switch,checkbox,Cantaloupe Milk & Ice Cream: hidden. Tap to show,51×31,52×44,ok,,
iphone13,menu,button,,button,Edit Orange & Pomegranate Juice,196×71,161×72,ok,,
iphone13,menu,button,,button,No price. Tap to add one,84×44,85×44,ok,,
iphone13,menu,input,switch,checkbox,Orange & Pomegranate Juice: hidden. Tap to show,51×31,52×44,ok,,
iphone13,menu,button,,button,Edit Orange Juice & Ice Cream,196×71,161×72,ok,,
iphone13,menu,button,,button,No price. Tap to add one,84×44,85×44,ok,,
iphone13,menu,input,switch,checkbox,Orange Juice & Ice Cream: hidden. Tap to show,51×31,52×44,ok,,
iphone13,menu,button,,button,Edit Orange & Apple Juice,196×71,161×72,ok,,
iphone13,menu,button,,button,No price. Tap to add one,84×44,85×44,ok,,
iphone13,menu,input,switch,checkbox,Orange & Apple Juice: hidden. Tap to show,51×31,52×44,ok,,
iphone13,menu,button,,button,Edit Orange & Sweet Lemon Juice,196×71,161×72,ok,,
iphone13,menu,button,,button,No price. Tap to add one,84×44,85×44,ok,,
iphone13,menu,input,switch,checkbox,Orange & Sweet Lemon Juice: hidden. Tap to show,51×31,52×44,ok,,
iphone13,menu,button,,button,Edit Orange & Lime Juice,196×71,161×72,ok,,
iphone13,menu,button,,button,No price. Tap to add one,84×44,85×44,ok,,
iphone13,menu,input,switch,checkbox,Orange & Lime Juice: hidden. Tap to show,51×31,52×44,ok,,
iphone13,menu,button,,button,Edit Orange & Banana Juice,196×71,161×72,ok,,
iphone13,menu,button,,button,No price. Tap to add one,84×44,85×44,ok,,
iphone13,menu,input,switch,checkbox,Orange & Banana Juice: hidden. Tap to show,51×31,52×44,ok,,
iphone13,menu,button,,button,Edit Blackberry & Pineapple Juice,196×71,161×72,ok,,
iphone13,menu,button,,button,No price. Tap to add one,84×44,85×44,ok,,
iphone13,menu,input,switch,checkbox,Blackberry & Pineapple Juice: hidden. Tap to show,51×31,52×44,ok,,
iphone13,menu,button,,button,Edit Blackberry Juice & Ice Cream,196×71,161×72,ok,,
iphone13,menu,button,,button,No price. Tap to add one,84×44,85×44,ok,,
iphone13,menu,input,switch,checkbox,Blackberry Juice & Ice Cream: hidden. Tap to show,51×31,52×44,ok,,
iphone13,menu,button,,button,Edit Blackberry & Orange Juice,196×71,161×72,ok,,
iphone13,menu,button,,button,No price. Tap to add one,84×44,85×44,ok,,
iphone13,menu,input,switch,checkbox,Blackberry & Orange Juice: hidden. Tap to show,51×31,52×44,ok,,
iphone13,menu,button,,button,Edit Blackberry & Strawberry Juice,196×71,161×72,ok,,
iphone13,menu,button,,button,No price. Tap to add one,84×44,85×44,ok,,
iphone13,menu,input,switch,checkbox,Blackberry & Strawberry Juice: hidden. Tap to show,51×31,52×44,ok,,
iphone13,menu,button,,button,Edit Blackberry Milk,196×71,161×72,ok,,
iphone13,menu,button,,button,No price. Tap to add one,84×44,85×44,ok,,
iphone13,menu,input,switch,checkbox,Blackberry Milk: hidden. Tap to show,51×31,52×44,ok,,
iphone13,menu,button,,button,Edit Blackberry Milk & Ice Cream,196×71,161×72,ok,,
iphone13,menu,button,,button,No price. Tap to add one,84×44,85×44,ok,,
iphone13,menu,input,switch,checkbox,Blackberry Milk & Ice Cream: hidden. Tap to show,51×31,52×44,ok,,
iphone13,menu,button,,button,Edit Apple & Pineapple Juice,196×71,161×72,ok,,
iphone13,menu,button,,button,No price. Tap to add one,84×44,85×44,ok,,
iphone13,menu,input,switch,checkbox,Apple & Pineapple Juice: hidden. Tap to show,51×31,52×44,ok,,
iphone13,menu,button,,button,Edit Apple Juice & Ice Cream,196×71,161×72,ok,,
iphone13,menu,button,,button,No price. Tap to add one,84×44,85×44,ok,,
iphone13,menu,input,switch,checkbox,Apple Juice & Ice Cream: hidden. Tap to show,51×31,52×44,ok,,
iphone13,menu,button,,button,Edit Apple & Celery Juice,196×71,161×72,ok,,
iphone13,menu,button,,button,No price. Tap to add one,84×44,85×44,ok,,
iphone13,menu,input,switch,checkbox,Apple & Celery Juice: hidden. Tap to show,51×31,52×44,ok,,
iphone13,menu,button,,button,Edit Apple & Lime Juice,196×71,161×72,ok,,
iphone13,menu,button,,button,No price. Tap to add one,84×44,85×44,ok,,
iphone13,menu,input,switch,checkbox,Apple & Lime Juice: hidden. Tap to show,51×31,52×44,ok,,
iphone13,menu,button,,button,Edit Apple & Sour Orange Juice,196×71,161×72,ok,,
iphone13,menu,button,,button,No price. Tap to add one,84×44,85×44,ok,,
iphone13,menu,input,switch,checkbox,Apple & Sour Orange Juice: hidden. Tap to show,51×31,52×44,ok,,
iphone13,menu,button,,button,Edit Apple & Banana Juice,196×71,161×72,ok,,
iphone13,menu,button,,button,No price. Tap to add one,84×44,85×44,ok,,
iphone13,menu,input,switch,checkbox,Apple & Banana Juice: hidden. Tap to show,51×31,52×44,ok,,
iphone13,menu,button,,button,Edit Apple & Peach Juice,196×71,161×72,ok,,
iphone13,menu,button,,button,No price. Tap to add one,84×44,85×44,ok,,
iphone13,menu,input,switch,checkbox,Apple & Peach Juice: hidden. Tap to show,51×31,52×44,ok,,
iphone13,menu,button,,button,Edit Mango & Pineapple Juice,196×71,161×72,ok,,
iphone13,menu,button,,button,No price. Tap to add one,84×44,85×44,ok,,
iphone13,menu,input,switch,checkbox,Mango & Pineapple Juice: hidden. Tap to show,51×31,52×44,ok,,
iphone13,menu,button,,button,Edit Mango Juice & Ice Cream,196×71,161×72,ok,,
iphone13,menu,button,,button,No price. Tap to add one,84×44,85×44,ok,,
iphone13,menu,input,switch,checkbox,Mango Juice & Ice Cream: hidden. Tap to show,51×31,52×44,ok,,
iphone13,menu,button,,button,Edit Mango & Orange Juice,196×71,161×72,ok,,
iphone13,menu,button,,button,No price. Tap to add one,84×44,85×44,ok,,
iphone13,menu,input,switch,checkbox,Mango & Orange Juice: hidden. Tap to show,51×31,52×44,ok,,
iphone13,menu,button,,button,Edit Mango & Strawberry Juice,196×71,161×72,ok,,
iphone13,menu,button,,button,No price. Tap to add one,84×44,85×44,ok,,
iphone13,menu,input,switch,checkbox,Mango & Strawberry Juice: hidden. Tap to show,51×31,52×44,ok,,
iphone13,menu,button,,button,Edit Mango & Apple Juice,196×71,161×72,ok,,
iphone13,menu,button,,button,No price. Tap to add one,84×44,85×44,ok,,
iphone13,menu,input,switch,checkbox,Mango & Apple Juice: hidden. Tap to show,51×31,52×44,ok,,
iphone13,menu,button,,button,Edit Mango & Black Mulberry Juice,196×71,161×72,ok,,
iphone13,menu,button,,button,No price. Tap to add one,84×44,85×44,ok,,
iphone13,menu,input,switch,checkbox,Mango & Black Mulberry Juice: hidden. Tap to show,51×31,52×44,ok,,
iphone13,menu,button,,button,Edit Mango & Peach Juice,196×71,161×72,ok,,
iphone13,menu,button,,button,No price. Tap to add one,84×44,85×44,ok,,
iphone13,menu,input,switch,checkbox,Mango & Peach Juice: hidden. Tap to show,51×31,52×44,ok,,
iphone13,menu,button,,button,Edit Mango & Banana Milk,196×71,161×72,ok,,
iphone13,menu,button,,button,No price. Tap to add one,84×44,85×44,ok,,
iphone13,menu,input,switch,checkbox,Mango & Banana Milk: hidden. Tap to show,51×31,52×44,ok,,
iphone13,menu,button,,button,Edit Pineapple Juice & Ice Cream,196×71,161×72,ok,,
iphone13,menu,button,,button,No price. Tap to add one,84×44,85×44,ok,,
iphone13,menu,input,switch,checkbox,Pineapple Juice & Ice Cream: hidden. Tap to show,51×31,52×44,ok,,
iphone13,menu,button,,button,Edit Pineapple & Peach Juice,196×71,161×72,ok,,
iphone13,menu,button,,button,No price. Tap to add one,84×44,85×44,ok,,
iphone13,menu,input,switch,checkbox,Pineapple & Peach Juice: hidden. Tap to show,51×31,52×44,ok,,
iphone13,menu,button,,button,Edit Pineapple & Orange Juice,196×71,161×72,ok,,
iphone13,menu,button,,button,No price. Tap to add one,84×44,85×44,ok,,
iphone13,menu,input,switch,checkbox,Pineapple & Orange Juice: hidden. Tap to show,51×31,52×44,ok,,
iphone13,menu,button,,button,Edit Pineapple & Strawberry Juice,196×71,161×72,ok,,
iphone13,menu,button,,button,No price. Tap to add one,84×44,85×44,ok,,
iphone13,menu,input,switch,checkbox,Pineapple & Strawberry Juice: hidden. Tap to show,51×31,52×44,ok,,
iphone13,menu,button,,button,"Edit Pineapple, Mango & Orange Juice",196×71,161×72,ok,,
iphone13,menu,button,,button,No price. Tap to add one,84×44,85×44,ok,,
iphone13,menu,input,switch,checkbox,"Pineapple, Mango & Orange Juice: hidden. Tap to show",51×31,52×44,ok,,
iphone13,menu,button,,button,Edit Pineapple Milk & Ice Cream,196×71,161×72,ok,,
iphone13,menu,button,,button,No price. Tap to add one,84×44,85×44,ok,,
iphone13,menu,input,switch,checkbox,Pineapple Milk & Ice Cream: hidden. Tap to show,51×31,52×44,ok,,
iphone13,menu,button,,button,Edit Pistachio & Mango Milk,196×71,161×72,ok,,
iphone13,menu,button,,button,No price. Tap to add one,84×44,85×44,ok,,
iphone13,menu,input,switch,checkbox,Pistachio & Mango Milk: hidden. Tap to show,51×31,52×44,ok,,
iphone13,menu,button,,button,Edit Pistachio & Cream Milk,196×71,161×72,ok,,
iphone13,menu,button,,button,No price. Tap to add one,84×44,85×44,ok,,
iphone13,menu,input,switch,checkbox,Pistachio & Cream Milk: hidden. Tap to show,51×31,52×44,ok,,
iphone13,menu,button,,button,Edit Pistachio & Banana Milk,196×71,161×72,ok,,
iphone13,menu,button,,button,No price. Tap to add one,84×44,85×44,ok,,
iphone13,menu,input,switch,checkbox,Pistachio & Banana Milk: hidden. Tap to show,51×31,52×44,ok,,
iphone13,menu,button,,button,Edit Pistachio & Almond Milk,196×71,161×72,ok,,
iphone13,menu,button,,button,No price. Tap to add one,84×44,85×44,ok,,
iphone13,menu,input,switch,checkbox,Pistachio & Almond Milk: hidden. Tap to show,51×31,52×44,ok,,
iphone13,menu,button,,button,Edit Pistachio & Pineapple Milk,196×71,161×72,ok,,
iphone13,menu,button,,button,No price. Tap to add one,84×44,85×44,ok,,
iphone13,menu,input,switch,checkbox,Pistachio & Pineapple Milk: hidden. Tap to show,51×31,52×44,ok,,
iphone13,menu,button,,button,Edit Date Milk,196×71,161×72,ok,,
iphone13,menu,button,,button,No price. Tap to add one,84×44,85×44,ok,,
iphone13,menu,input,switch,checkbox,Date Milk: hidden. Tap to show,51×31,52×44,ok,,
iphone13,menu,button,,button,Edit Date Milk & Ice Cream,196×71,161×72,ok,,
iphone13,menu,button,,button,No price. Tap to add one,84×44,85×44,ok,,
iphone13,menu,input,switch,checkbox,Date Milk & Ice Cream: hidden. Tap to show,51×31,52×44,ok,,
iphone13,menu,button,,button,Edit Date & Banana Milk,196×71,161×72,ok,,
iphone13,menu,button,,button,No price. Tap to add one,84×44,85×44,ok,,
iphone13,menu,input,switch,checkbox,Date & Banana Milk: hidden. Tap to show,51×31,52×44,ok,,
iphone13,menu,button,,button,Edit Date & Cream Milk,196×71,161×72,ok,,
iphone13,menu,button,,button,No price. Tap to add one,84×44,85×44,ok,,
iphone13,menu,input,switch,checkbox,Date & Cream Milk: hidden. Tap to show,51×31,52×44,ok,,
iphone13,menu,button,,button,Edit Date & Sesame Milk,196×71,161×72,ok,,
iphone13,menu,button,,button,No price. Tap to add one,84×44,85×44,ok,,
iphone13,menu,input,switch,checkbox,Date & Sesame Milk: hidden. Tap to show,51×31,52×44,ok,,
iphone13,menu,button,,button,Edit Date & Pistachio Milk,196×71,161×72,ok,,
iphone13,menu,button,,button,No price. Tap to add one,84×44,85×44,ok,,
iphone13,menu,input,switch,checkbox,Date & Pistachio Milk: hidden. Tap to show,51×31,52×44,ok,,
iphone13,menu,button,,button,Edit Date & Coconut Milk,196×71,161×72,ok,,
iphone13,menu,button,,button,No price. Tap to add one,84×44,85×44,ok,,
iphone13,menu,input,switch,checkbox,Date & Coconut Milk: hidden. Tap to show,51×31,52×44,ok,,
iphone13,menu,button,,button,Edit Celery & Orange Juice,196×71,161×72,ok,,
iphone13,menu,button,,button,No price. Tap to add one,84×44,85×44,ok,,
iphone13,menu,input,switch,checkbox,Celery & Orange Juice: hidden. Tap to show,51×31,52×44,ok,,
iphone13,menu,button,,button,Edit Celery & Pomegranate Juice,196×71,161×72,ok,,
iphone13,menu,button,,button,No price. Tap to add one,84×44,85×44,ok,,
iphone13,menu,input,switch,checkbox,Celery & Pomegranate Juice: hidden. Tap to show,51×31,52×44,ok,,
iphone13,menu,button,,button,Edit Celery & Cherry Juice,196×71,161×72,ok,,
iphone13,menu,button,,button,No price. Tap to add one,84×44,85×44,ok,,
iphone13,menu,input,switch,checkbox,Celery & Cherry Juice: hidden. Tap to show,51×31,52×44,ok,,
iphone13,menu,button,,button,Edit Celery & Tomato Juice,196×71,161×72,ok,,
iphone13,menu,button,,button,No price. Tap to add one,84×44,85×44,ok,,
iphone13,menu,input,switch,checkbox,Celery & Tomato Juice: hidden. Tap to show,51×31,52×44,ok,,
iphone13,menu,button,,button,Edit Celery Grapefruit,196×71,161×72,ok,,
iphone13,menu,button,,button,No price. Tap to add one,84×44,85×44,ok,,
iphone13,menu,input,switch,checkbox,Celery Grapefruit: hidden. Tap to show,51×31,52×44,ok,,
iphone13,menu,button,,button,Collapse Dessert,44×44,44×45,ok,,
iphone13,menu,button,,button,Dessert32دسر,126×44,127×45,ok,,
iphone13,menu,button,,button,Add item to Dessert,67×44,67×45,ok,,
iphone13,menu,button,,button,Section menu: Dessert,44×44,44×45,ok,,
iphone13,menu,input,switch,checkbox,Dessert: shown. Tap to hide,51×31,51×45,ok,,
iphone13,menu,button,,button,Edit Almond Croissant,208×56,161×57,ok,,
iphone13,menu,button,,button,Price $6.49. Tap to change,72×44,72×45,ok,,
iphone13,menu,input,switch,checkbox,Almond Croissant: shown. Tap to hide,51×31,52×45,ok,,
iphone13,menu,button,,button,Edit Caramel Tres Leches,208×56,161×57,ok,,
iphone13,menu,button,,button,Price $10.99. Tap to change,72×44,72×45,ok,,
iphone13,menu,input,switch,checkbox,Caramel Tres Leches: shown. Tap to hide,51×31,52×45,ok,,
iphone13,menu,button,,button,Edit Dubai Chocolate Cheesecake,208×56,161×57,ok,,
iphone13,menu,button,,button,Price $12.99. Tap to change,72×44,72×45,ok,,
iphone13,menu,input,switch,checkbox,Dubai Chocolate Cheesecake: shown. Tap to hide,51×31,52×45,ok,,
iphone13,menu,button,,button,Edit Nutella Oreo Cheesecake,208×56,161×57,ok,,
iphone13,menu,button,,button,Price $11.99. Tap to change,72×44,72×45,ok,,
iphone13,menu,input,switch,checkbox,Nutella Oreo Cheesecake: shown. Tap to hide,51×31,52×45,ok,,
iphone13,menu,button,,button,Edit Persian Pistachio Croissant,208×56,161×57,ok,,
iphone13,menu,button,,button,Price $6.99. Tap to change,72×44,72×45,ok,,
iphone13,menu,input,switch,checkbox,Persian Pistachio Croissant: shown. Tap to hide,51×31,52×45,ok,,
iphone13,menu,button,,button,Edit Pistachio Cake,208×56,161×57,ok,,
iphone13,menu,button,,button,Price $10.99. Tap to change,72×44,72×45,ok,,
iphone13,menu,input,switch,checkbox,Pistachio Cake: shown. Tap to hide,51×31,52×45,ok,,
iphone13,menu,button,,button,Edit Pistachio Cheesecake,208×56,161×57,ok,,
iphone13,menu,button,,button,Price $11.99. Tap to change,72×44,72×45,ok,,
iphone13,menu,input,switch,checkbox,Pistachio Cheesecake: shown. Tap to hide,51×31,52×45,ok,,
iphone13,menu,button,,button,Edit Small Baklava,208×56,161×57,ok,,
iphone13,menu,button,,button,Price $3.99. Tap to change,72×44,72×45,ok,,
iphone13,menu,input,switch,checkbox,Small Baklava: shown. Tap to hide,51×31,52×45,ok,,
iphone13,menu,button,,button,Edit Large Baklava,208×56,161×57,ok,,
iphone13,menu,button,,button,Price $6.99. Tap to change,72×44,72×45,ok,,
iphone13,menu,input,switch,checkbox,Large Baklava: shown. Tap to hide,51×31,52×45,ok,,
iphone13,menu,button,,button,Edit Butter Croissant,208×56,161×57,ok,,
iphone13,menu,button,,button,Price $3.99. Tap to change,72×44,72×45,ok,,
iphone13,menu,input,switch,checkbox,Butter Croissant: shown. Tap to hide,51×31,52×45,ok,,
iphone13,menu,button,,button,Edit Tiramisu,208×56,161×57,ok,,
iphone13,menu,button,,button,Price $12.99. Tap to change,72×44,72×45,ok,,
iphone13,menu,input,switch,checkbox,Tiramisu: shown. Tap to hide,51×31,52×45,ok,,
iphone13,menu,button,,button,Edit Turkish Knafeh,208×56,161×57,ok,,
iphone13,menu,button,,button,Price $14.99. Tap to change,72×44,72×45,ok,,
iphone13,menu,input,switch,checkbox,Turkish Knafeh: shown. Tap to hide,51×31,52×45,ok,,
iphone13,menu,button,,button,Edit Lotus cheesecake,208×56,161×57,ok,,
iphone13,menu,button,,button,Price $11.99. Tap to change,72×44,72×45,ok,,
iphone13,menu,input,switch,checkbox,Lotus cheesecake: shown. Tap to hide,51×31,52×45,ok,,
iphone13,menu,button,,button,Edit Classic Cheese Cake,208×56,161×57,ok,,
iphone13,menu,button,,button,Price $9.99. Tap to change,72×44,72×45,ok,,
iphone13,menu,input,switch,checkbox,Classic Cheese Cake: shown. Tap to hide,51×31,52×45,ok,,
iphone13,menu,button,,button,Edit Coffee & walnut cake,208×56,161×57,ok,,
iphone13,menu,button,,button,Price $9.99. Tap to change,72×44,72×45,ok,,
iphone13,menu,input,switch,checkbox,Coffee & walnut cake: shown. Tap to hide,51×31,52×45,ok,,
iphone13,menu,button,,button,Edit Napoleon,208×56,161×57,ok,,
iphone13,menu,button,,button,Price $10.99. Tap to change,72×44,72×45,ok,,
iphone13,menu,input,switch,checkbox,Napoleon: shown. Tap to hide,51×31,52×45,ok,,
iphone13,menu,button,,button,Edit Chocolate Croissant,208×56,161×57,ok,,
iphone13,menu,button,,button,Price $6.49. Tap to change,72×44,72×45,ok,,
iphone13,menu,input,switch,checkbox,Chocolate Croissant: shown. Tap to hide,51×31,52×45,ok,,
iphone13,menu,button,,button,Edit Baklava Cake,208×56,161×57,ok,,
iphone13,menu,button,,button,Price $12.99. Tap to change,72×44,72×45,ok,,
iphone13,menu,input,switch,checkbox,Baklava Cake: shown. Tap to hide,51×31,52×45,ok,,
iphone13,menu,button,,button,Edit Chocolate Late Cake,208×56,161×57,ok,,
iphone13,menu,button,,button,Price $12.99. Tap to change,72×44,72×45,ok,,
iphone13,menu,input,switch,checkbox,Chocolate Late Cake: shown. Tap to hide,51×31,52×45,ok,,
iphone13,menu,button,,button,Edit Pumpkin Cake,208×56,161×57,ok,,
iphone13,menu,button,,button,Price $12.99. Tap to change,72×44,72×45,ok,,
iphone13,menu,input,switch,checkbox,Pumpkin Cake: shown. Tap to hide,51×31,52×45,ok,,
iphone13,menu,button,,button,Edit Pumpkin Cheesecake,208×56,161×57,ok,,
iphone13,menu,button,,button,Price $13.99. Tap to change,72×44,72×45,ok,,
iphone13,menu,input,switch,checkbox,Pumpkin Cheesecake: shown. Tap to hide,51×31,52×45,ok,,
iphone13,menu,button,,button,Edit Apple Walnut Loaf,196×71,161×72,ok,,
iphone13,menu,button,,button,No price. Tap to add one,84×44,85×44,ok,,
iphone13,menu,input,switch,checkbox,Apple Walnut Loaf: hidden. Tap to show,51×31,52×44,ok,,
iphone13,menu,button,,button,Edit Banana Chocolate Loaf,196×71,161×72,ok,,
iphone13,menu,button,,button,No price. Tap to add one,84×44,85×44,ok,,
iphone13,menu,input,switch,checkbox,Banana Chocolate Loaf: hidden. Tap to show,51×31,52×44,ok,,
iphone13,menu,button,,button,Edit Chocolate Caramel Fudge,196×71,161×72,ok,,
iphone13,menu,button,,button,No price. Tap to add one,84×44,85×44,ok,,
iphone13,menu,input,switch,checkbox,Chocolate Caramel Fudge: hidden. Tap to show,51×31,52×44,ok,,
iphone13,menu,button,,button,Edit Chocolate Fudge with Ice Cream,196×71,161×72,ok,,
iphone13,menu,button,,button,No price. Tap to add one,84×44,85×44,ok,,
iphone13,menu,input,switch,checkbox,Chocolate Fudge with Ice Cream: hidden. Tap to show,51×31,52×44,ok,,
iphone13,menu,button,,button,Edit Pistachio Magnolia,196×71,161×72,ok,,
iphone13,menu,button,,button,No price. Tap to add one,84×44,85×44,ok,,
iphone13,menu,input,switch,checkbox,Pistachio Magnolia: hidden. Tap to show,51×31,52×44,ok,,
iphone13,menu,button,,button,Edit Vanilla Peanut Magnolia,196×71,161×72,ok,,
iphone13,menu,button,,button,No price. Tap to add one,84×44,85×44,ok,,
iphone13,menu,input,switch,checkbox,Vanilla Peanut Magnolia: hidden. Tap to show,51×31,52×44,ok,,
iphone13,menu,button,,button,Edit Baklava,196×71,161×72,ok,,
iphone13,menu,button,,button,No price. Tap to add one,84×44,85×44,ok,,
iphone13,menu,input,switch,checkbox,Baklava: hidden. Tap to show,51×31,52×44,ok,,
iphone13,menu,button,,button,Edit Baklava Cheesecake,196×71,161×72,ok,,
iphone13,menu,button,,button,No price. Tap to add one,84×44,85×44,ok,,
iphone13,menu,input,switch,checkbox,Baklava Cheesecake: hidden. Tap to show,51×31,52×44,ok,,
iphone13,menu,button,,button,Edit Classic Cheesecake,196×71,161×72,ok,,
iphone13,menu,button,,button,No price. Tap to add one,84×44,85×44,ok,,
iphone13,menu,input,switch,checkbox,Classic Cheesecake: hidden. Tap to show,51×31,52×44,ok,,
iphone13,menu,button,,button,Edit Red Velvet Cake,196×71,161×72,ok,,
iphone13,menu,button,,button,No price. Tap to add one,84×44,85×44,ok,,
iphone13,menu,input,switch,checkbox,Red Velvet Cake: hidden. Tap to show,51×31,52×44,ok,,
iphone13,menu,button,,button,Edit Nutella Cake,196×71,161×72,ok,,
iphone13,menu,button,,button,No price. Tap to add one,84×44,85×44,ok,,
iphone13,menu,input,switch,checkbox,Nutella Cake: hidden. Tap to show,51×31,52×44,ok,,
iphone13,menu,button,,button,Collapse Ice Cream,44×44,44×45,ok,,
iphone13,menu,button,,button,Ice Cream21بستنی,126×44,127×45,ok,,
iphone13,menu,button,,button,Add item to Ice Cream,67×44,67×45,ok,,
iphone13,menu,button,,button,Section menu: Ice Cream,44×44,44×45,ok,,
iphone13,menu,input,switch,checkbox,Ice Cream: shown. Tap to hide,51×31,51×45,ok,,
iphone13,menu,button,,button,Edit Ice Cream,208×56,161×57,ok,,
iphone13,menu,button,,button,Price $7.99. Tap to change,72×44,72×45,ok,,
iphone13,menu,input,switch,checkbox,Ice Cream: shown. Tap to hide,51×31,52×45,ok,,
iphone13,menu,button,,button,Edit Single Scoop Ice Cream,208×56,161×57,ok,,
iphone13,menu,button,,button,Price $4.99. Tap to change,72×44,72×45,ok,,
iphone13,menu,input,switch,checkbox,Single Scoop Ice Cream: shown. Tap to hide,51×31,52×45,ok,,
iphone13,menu,button,,button,Edit Ice cream Sandwich,208×56,161×57,ok,,
iphone13,menu,button,,button,Price $7.99. Tap to change,72×44,72×45,ok,,
iphone13,menu,input,switch,checkbox,Ice cream Sandwich: shown. Tap to hide,51×31,52×45,ok,,
iphone13,menu,button,,button,Edit Falooda,208×56,161×57,ok,,
iphone13,menu,button,,button,Price $7.99. Tap to change,72×44,72×45,ok,,
iphone13,menu,input,switch,checkbox,Falooda: shown. Tap to hide,51×31,52×45,ok,,
iphone13,menu,button,,button,Edit Pistachio Ice Cream,196×71,161×72,ok,,
iphone13,menu,button,,button,No price. Tap to add one,84×44,85×44,ok,,
iphone13,menu,input,switch,checkbox,Pistachio Ice Cream: hidden. Tap to show,51×31,52×44,ok,,
iphone13,menu,button,,button,Edit Saffron Ice Cream,196×71,161×72,ok,,
iphone13,menu,button,,button,No price. Tap to add one,84×44,85×44,ok,,
iphone13,menu,input,switch,checkbox,Saffron Ice Cream: hidden. Tap to show,51×31,52×44,ok,,
iphone13,menu,button,,button,Edit Pomegranate Ice Cream,196×71,161×72,ok,,
iphone13,menu,button,,button,No price. Tap to add one,84×44,85×44,ok,,
iphone13,menu,input,switch,checkbox,Pomegranate Ice Cream: hidden. Tap to show,51×31,52×44,ok,,
iphone13,menu,button,,button,Edit Vanilla Ice Cream,196×71,161×72,ok,,
iphone13,menu,button,,button,No price. Tap to add one,84×44,85×44,ok,,
iphone13,menu,input,switch,checkbox,Vanilla Ice Cream: hidden. Tap to show,51×31,52×44,ok,,
iphone13,menu,button,,button,Edit Strawberry Ice Cream,196×71,161×72,ok,,
iphone13,menu,button,,button,No price. Tap to add one,84×44,85×44,ok,,
iphone13,menu,input,switch,checkbox,Strawberry Ice Cream: hidden. Tap to show,51×31,52×44,ok,,
iphone13,menu,button,,button,Edit Chocolate Ice Cream,196×71,161×72,ok,,
iphone13,menu,button,,button,No price. Tap to add one,84×44,85×44,ok,,
iphone13,menu,input,switch,checkbox,Chocolate Ice Cream: hidden. Tap to show,51×31,52×44,ok,,
iphone13,menu,button,,button,Edit Mango Ice Cream,196×71,161×72,ok,,
iphone13,menu,button,,button,No price. Tap to add one,84×44,85×44,ok,,
iphone13,menu,input,switch,checkbox,Mango Ice Cream: hidden. Tap to show,51×31,52×44,ok,,
iphone13,menu,button,,button,Edit Banana Ice Pack,196×71,161×72,ok,,
iphone13,menu,button,,button,No price. Tap to add one,84×44,85×44,ok,,
iphone13,menu,input,switch,checkbox,Banana Ice Pack: hidden. Tap to show,51×31,52×44,ok,,
iphone13,menu,button,,button,Edit Chocolate Ice Pack,196×71,161×72,ok,,
iphone13,menu,button,,button,No price. Tap to add one,84×44,85×44,ok,,
iphone13,menu,input,switch,checkbox,Chocolate Ice Pack: hidden. Tap to show,51×31,52×44,ok,,
iphone13,menu,button,,button,Edit Nescafe Ice Pack,196×71,161×72,ok,,
iphone13,menu,button,,button,No price. Tap to add one,84×44,85×44,ok,,
iphone13,menu,input,switch,checkbox,Nescafe Ice Pack: hidden. Tap to show,51×31,52×44,ok,,
iphone13,menu,button,,button,Edit Walnut Ice Pack,196×71,161×72,ok,,
iphone13,menu,button,,button,No price. Tap to add one,84×44,85×44,ok,,
iphone13,menu,input,switch,checkbox,Walnut Ice Pack: hidden. Tap to show,51×31,52×44,ok,,
iphone13,menu,button,,button,Edit Vanilla & Pistachio Ice Pack,196×71,161×72,ok,,
iphone13,menu,button,,button,No price. Tap to add one,84×44,85×44,ok,,
iphone13,menu,input,switch,checkbox,Vanilla & Pistachio Ice Pack: hidden. Tap to show,51×31,52×44,ok,,
iphone13,menu,button,,button,Edit Strawberry Ice Pack,196×71,161×72,ok,,
iphone13,menu,button,,button,No price. Tap to add one,84×44,85×44,ok,,
iphone13,menu,input,switch,checkbox,Strawberry Ice Pack: hidden. Tap to show,51×31,52×44,ok,,
iphone13,menu,button,,button,Edit Nutella Ice Pack,196×71,161×72,ok,,
iphone13,menu,button,,button,No price. Tap to add one,84×44,85×44,ok,,
iphone13,menu,input,switch,checkbox,Nutella Ice Pack: hidden. Tap to show,51×31,52×44,ok,,
iphone13,menu,button,,button,Edit Coffee Ice Pack,196×71,161×72,ok,,
iphone13,menu,button,,button,No price. Tap to add one,84×44,85×44,ok,,
iphone13,menu,input,switch,checkbox,Coffee Ice Pack: hidden. Tap to show,51×31,52×44,ok,,
iphone13,menu,button,,button,Edit Mango Ice Pack,196×71,161×72,ok,,
iphone13,menu,button,,button,No price. Tap to add one,84×44,85×44,ok,,
iphone13,menu,input,switch,checkbox,Mango Ice Pack: hidden. Tap to show,51×31,52×44,ok,,
iphone13,menu,button,,button,Edit Peanut Ice Pack,196×71,161×72,ok,,
iphone13,menu,button,,button,No price. Tap to add one,84×44,85×44,ok,,
iphone13,menu,input,switch,checkbox,Peanut Ice Pack: hidden. Tap to show,51×31,52×44,ok,,
iphone13,menu,button,,button,Collapse Milkshake,44×44,44×45,ok,,
iphone13,menu,button,,button,Milkshake7میلک شیک,126×44,127×45,ok,,
iphone13,menu,button,,button,Add item to Milkshake,67×44,67×45,ok,,
iphone13,menu,button,,button,Section menu: Milkshake,44×44,44×45,ok,,
iphone13,menu,input,switch,checkbox,Milkshake: shown. Tap to hide,51×31,51×45,ok,,
iphone13,menu,button,,button,Edit Chocolate Milkshake,208×56,161×57,ok,,
iphone13,menu,button,,button,Price $12.99. Tap to change,72×44,72×45,ok,,
iphone13,menu,input,switch,checkbox,Chocolate Milkshake: shown. Tap to hide,51×31,52×45,ok,,
iphone13,menu,button,,button,Edit Strawberry Milkshake,208×56,161×57,ok,,
iphone13,menu,button,,button,Price $11.99. Tap to change,72×44,72×45,ok,,
iphone13,menu,input,switch,checkbox,Strawberry Milkshake: shown. Tap to hide,51×31,52×45,ok,,
iphone13,menu,button,,button,Edit Mango Milkshake,208×56,161×57,ok,,
iphone13,menu,button,,button,Price $11.99. Tap to change,72×44,72×45,ok,,
iphone13,menu,input,switch,checkbox,Mango Milkshake: shown. Tap to hide,51×31,52×45,ok,,
iphone13,menu,button,,button,Edit Nutella Milkshake,208×56,161×57,ok,,
iphone13,menu,button,,button,Price $12.99. Tap to change,72×44,72×45,ok,,
iphone13,menu,input,switch,checkbox,Nutella Milkshake: shown. Tap to hide,51×31,52×45,ok,,
iphone13,menu,button,,button,Edit Oreo Milkshake,196×71,161×72,ok,,
iphone13,menu,button,,button,No price. Tap to add one,84×44,85×44,ok,,
iphone13,menu,input,switch,checkbox,Oreo Milkshake: hidden. Tap to show,51×31,52×44,ok,,
iphone13,menu,button,,button,Edit Pistachio Milkshake,196×71,161×72,ok,,
iphone13,menu,button,,button,No price. Tap to add one,84×44,85×44,ok,,
iphone13,menu,input,switch,checkbox,Pistachio Milkshake: hidden. Tap to show,51×31,52×44,ok,,
iphone13,menu,button,,button,Edit Pomegranate Milkshake,196×71,161×72,ok,,
iphone13,menu,button,,button,No price. Tap to add one,84×44,85×44,ok,,
iphone13,menu,input,switch,checkbox,Pomegranate Milkshake: hidden. Tap to show,51×31,52×44,ok,,
iphone13,menu,button,,button,Collapse Persian Breakfast,44×44,44×45,ok,,
iphone13,menu,button,,button,Persian Breakfast27صبحانه,126×44,127×45,ok,,
iphone13,menu,button,,button,Add item to Persian Breakfast,67×44,67×45,ok,,
iphone13,menu,button,,button,Section menu: Persian Breakfast,44×44,44×45,ok,,
iphone13,menu,input,switch,checkbox,Persian Breakfast: shown. Tap to hide,51×31,51×45,ok,,
iphone13,menu,button,,button,Edit Brain & Tongue Omelette,208×56,161×57,ok,,
iphone13,menu,button,,button,Price $27.99. Tap to change,72×44,72×45,ok,,
iphone13,menu,input,switch,checkbox,Brain & Tongue Omelette: shown. Tap to hide,51×31,52×45,ok,,
iphone13,menu,button,,button,Edit Classic Eggs,208×56,161×57,ok,,
iphone13,menu,button,,button,Price $18.99. Tap to change,72×44,72×45,ok,,
iphone13,menu,input,switch,checkbox,Classic Eggs: shown. Tap to hide,51×31,52×45,ok,,
iphone13,menu,button,,button,Edit Tomato Omelette,208×56,161×57,ok,,
iphone13,menu,button,,button,Price $20.99. Tap to change,72×44,72×45,ok,,
iphone13,menu,input,switch,checkbox,Tomato Omelette: shown. Tap to hide,51×31,52×45,ok,,
iphone13,menu,button,,button,Edit Sausage & Egg,208×56,161×57,ok,,
iphone13,menu,button,,button,Price $21.99. Tap to change,72×44,72×45,ok,,
iphone13,menu,input,switch,checkbox,Sausage & Egg: shown. Tap to hide,51×31,52×45,ok,,
iphone13,menu,button,,button,Edit Pumpkin Omelette,208×65,161×65,ok,,
iphone13,menu,button,,button,Price $19.99. Tap to change,72×44,72×45,ok,,
iphone13,menu,input,switch,checkbox,Pumpkin Omelette: shown. Tap to hide,51×31,52×45,ok,,
iphone13,menu,button,,button,"Edit Sausage, Egg & Tomato",208×56,161×56,ok,,
iphone13,menu,button,,button,Price $22.99. Tap to change,72×44,72×44,ok,,
iphone13,menu,input,switch,checkbox,"Sausage, Egg & Tomato: shown. Tap to hide",51×31,52×44,ok,,
iphone13,menu,button,,button,Edit Turkish Omelette,208×56,161×56,ok,,
iphone13,menu,button,,button,Price $22.49. Tap to change,72×44,72×44,ok,,
iphone13,menu,input,switch,checkbox,Turkish Omelette: shown. Tap to hide,51×31,52×44,ok,,
iphone13,menu,button,,button,Edit Bandar Omelette,208×56,161×56,ok,,
iphone13,menu,button,,button,Price $19.99. Tap to change,72×44,72×44,ok,,
iphone13,menu,input,switch,checkbox,Bandar Omelette: shown. Tap to hide,51×31,52×44,ok,,
iphone13,menu,button,,button,Edit Jungle Omelette,208×56,161×56,ok,,
iphone13,menu,button,,button,Price $21.99. Tap to change,72×44,72×44,ok,,
iphone13,menu,input,switch,checkbox,Jungle Omelette: shown. Tap to hide,51×31,52×44,ok,,
iphone13,menu,button,,button,Edit Nargasi Omelette,208×56,161×56,ok,,
iphone13,menu,button,,button,Price $21.99. Tap to change,72×44,72×44,ok,,
iphone13,menu,input,switch,checkbox,Nargasi Omelette: shown. Tap to hide,51×31,52×44,ok,,
iphone13,menu,button,,button,Edit Gheymagh,208×56,161×56,ok,,
iphone13,menu,button,,button,Price $24.99. Tap to change,72×44,72×44,ok,,
iphone13,menu,input,switch,checkbox,Gheymagh: shown. Tap to hide,51×31,52×44,ok,,
iphone13,menu,button,,button,Edit Mushroom Tomato Omelette,208×56,161×56,ok,,
iphone13,menu,button,,button,Price $21.99. Tap to change,72×44,72×44,ok,,
iphone13,menu,input,switch,checkbox,Mushroom Tomato Omelette: shown. Tap to hide,51×31,52×44,ok,,
iphone13,menu,button,,button,Edit Halim,208×56,161×56,ok,,
iphone13,menu,button,,button,Price $15.49. Tap to change,72×44,72×44,ok,,
iphone13,menu,input,switch,checkbox,Halim: shown. Tap to hide,51×31,52×44,ok,,
iphone13,menu,button,,button,Edit Papa Egg (Roast beef),208×56,161×56,ok,,
iphone13,menu,button,,button,Price $23.99. Tap to change,72×44,72×44,ok,,
iphone13,menu,input,switch,checkbox,Papa Egg (Roast beef): shown. Tap to hide,51×31,52×44,ok,,
iphone13,menu,button,,button,Edit Cheese Platter,208×56,161×56,ok,,
iphone13,menu,button,,button,Price $15.49. Tap to change,72×44,72×44,ok,,
iphone13,menu,input,switch,checkbox,Cheese Platter: shown. Tap to hide,51×31,52×44,ok,,
iphone13,menu,button,,button,Edit Plain Bagel With Cream Cheese,208×56,161×56,ok,,
iphone13,menu,button,,button,Price $4.99. Tap to change,72×44,72×44,ok,,
iphone13,menu,input,switch,checkbox,Plain Bagel With Cream Cheese: shown. Tap to hide,51×31,52×44,ok,,
iphone13,menu,button,,button,Edit Everything Bagel With Cream Cheese,208×56,161×56,ok,,
iphone13,menu,button,,button,Price $4.99. Tap to change,72×44,72×44,ok,,
iphone13,menu,input,switch,checkbox,Everything Bagel With Cream Cheese: shown. Tap to hide,51×31,52×44,ok,,
iphone13,menu,button,,button,Edit Plain Bagel with Butter,208×56,161×56,ok,,
iphone13,menu,button,,button,Price $4.99. Tap to change,72×44,72×44,ok,,
iphone13,menu,input,switch,checkbox,Plain Bagel with Butter: shown. Tap to hide,51×31,52×44,ok,,
iphone13,menu,button,,button,Edit Everything Bagel With Butter,208×56,161×56,ok,,
iphone13,menu,button,,button,Price $4.99. Tap to change,72×44,72×44,ok,,
iphone13,menu,input,switch,checkbox,Everything Bagel With Butter: shown. Tap to hide,51×31,52×44,ok,,
iphone13,menu,button,,button,Edit Classic waffle,208×56,161×56,ok,,
iphone13,menu,button,,button,Price $17.99. Tap to change,72×44,72×44,ok,,
iphone13,menu,input,switch,checkbox,Classic waffle: shown. Tap to hide,51×31,52×44,ok,,
iphone13,menu,button,,button,Edit Senso Waffle,208×56,161×56,ok,,
iphone13,menu,button,,button,Price $20.99. Tap to change,72×44,72×44,ok,,
iphone13,menu,input,switch,checkbox,Senso Waffle: shown. Tap to hide,51×31,52×44,ok,,
iphone13,menu,button,,button,Edit Strawberry pancake,208×56,161×56,ok,,
iphone13,menu,button,,button,Price $21.99. Tap to change,72×44,72×44,ok,,
iphone13,menu,input,switch,checkbox,Strawberry pancake: shown. Tap to hide,51×31,52×44,ok,,
iphone13,menu,button,,button,Edit Mixed Brain & Tongue Omelette,196×56,161×56,ok,,
iphone13,menu,button,,button,No price. Tap to add one,84×44,85×44,ok,,
iphone13,menu,input,switch,checkbox,Mixed Brain & Tongue Omelette: hidden. Tap to show,51×31,52×44,ok,,
iphone13,menu,button,,button,Edit Mushroom Omelette,196×56,161×56,ok,,
iphone13,menu,button,,button,No price. Tap to add one,84×44,85×44,ok,,
iphone13,menu,input,switch,checkbox,Mushroom Omelette: hidden. Tap to show,51×31,52×44,ok,,
iphone13,menu,button,,button,Edit Nargesi Omelette,196×56,161×56,ok,,
iphone13,menu,button,,button,No price. Tap to add one,84×44,85×44,ok,,
iphone13,menu,input,switch,checkbox,Nargesi Omelette: hidden. Tap to show,51×31,52×44,ok,,
iphone13,menu,button,,button,Edit Bagel,196×56,161×56,ok,,
iphone13,menu,button,,button,No price. Tap to add one,84×44,85×44,ok,,
iphone13,menu,input,switch,checkbox,Bagel: hidden. Tap to show,51×31,52×44,ok,,
iphone13,menu,button,,button,Edit Everything Bagel,196×56,161×56,ok,,
iphone13,menu,button,,button,No price. Tap to add one,84×44,85×44,ok,,
iphone13,menu,input,switch,checkbox,Everything Bagel: hidden. Tap to show,51×31,52×44,ok,,
iphone13,menu,button,,button,Collapse Salad,44×44,44×44,ok,,
iphone13,menu,button,,button,Salad5سالاد,126×44,127×44,ok,,
iphone13,menu,button,,button,Add item to Salad,67×44,67×44,ok,,
iphone13,menu,button,,button,Section menu: Salad,44×44,44×44,ok,,
iphone13,menu,input,switch,checkbox,Salad: shown. Tap to hide,51×31,51×44,ok,,
iphone13,menu,button,,button,Edit Mixed Green Salad,208×56,161×56,ok,,
iphone13,menu,button,,button,Price $17.49. Tap to change,72×44,72×44,ok,,
iphone13,menu,input,switch,checkbox,Mixed Green Salad: shown. Tap to hide,51×31,52×44,ok,,
iphone13,menu,button,,button,Edit Greek Salad,208×56,161×56,ok,,
iphone13,menu,button,,button,Price $17.49. Tap to change,72×44,72×44,ok,,
iphone13,menu,input,switch,checkbox,Greek Salad: shown. Tap to hide,51×31,52×44,ok,,
iphone13,menu,button,,button,Edit Watermelon Salad,208×56,161×56,ok,,
iphone13,menu,button,,button,Price $18.99. Tap to change,72×44,72×44,ok,,
iphone13,menu,input,switch,checkbox,Watermelon Salad: shown. Tap to hide,51×31,52×44,ok,,
iphone13,menu,button,,button,Edit Caesar Salad,208×56,161×56,ok,,
iphone13,menu,button,,button,Price $18.49. Tap to change,72×44,72×44,ok,,
iphone13,menu,input,switch,checkbox,Caesar Salad: shown. Tap to hide,51×31,52×44,ok,,
iphone13,menu,button,,button,Edit Fruit Platter,196×56,161×56,ok,,
iphone13,menu,button,,button,No price. Tap to add one,84×44,85×44,ok,,
iphone13,menu,input,switch,checkbox,Fruit Platter: hidden. Tap to show,51×31,52×44,ok,,
iphone13,menu,button,,button,Collapse Appetizer,44×44,44×44,ok,,
iphone13,menu,button,,button,Appetizer12پیش غذا,126×44,127×44,ok,,
iphone13,menu,button,,button,Add item to Appetizer,67×44,67×44,ok,,
iphone13,menu,button,,button,Section menu: Appetizer,44×44,44×44,ok,,
iphone13,menu,input,switch,checkbox,Appetizer: shown. Tap to hide,51×31,51×44,ok,,
iphone13,menu,button,,button,Edit Creamy Mushroom Barley Soup,208×56,161×56,ok,,
iphone13,menu,button,,button,Price $11.99. Tap to change,72×44,72×44,ok,,
iphone13,menu,input,switch,checkbox,Creamy Mushroom Barley Soup: shown. Tap to hide,51×31,52×44,ok,,
iphone13,menu,button,,button,Edit Ashe Sabzi Shiraz,208×56,161×56,ok,,
iphone13,menu,button,,button,Price $14.99. Tap to change,72×44,72×44,ok,,
iphone13,menu,input,switch,checkbox,Ashe Sabzi Shiraz: shown. Tap to hide,51×31,52×44,ok,,
iphone13,menu,button,,button,Edit Ashe Reshteh,208×56,161×56,ok,,
iphone13,menu,button,,button,Price $13.99. Tap to change,72×44,72×44,ok,,
iphone13,menu,input,switch,checkbox,Ashe Reshteh: shown. Tap to hide,51×31,52×44,ok,,
iphone13,menu,button,,button,Edit Halim,208×56,161×56,ok,,
iphone13,menu,button,,button,Price $15.49. Tap to change,72×44,72×44,ok,,
iphone13,menu,input,switch,checkbox,Halim: shown. Tap to hide,51×31,52×44,ok,,
iphone13,menu,button,,button,Edit Kumpir (Turkish Style Stuffed Baked Potato),208×56,161×56,ok,,
iphone13,menu,button,,button,Price $16.49. Tap to change,72×44,72×44,ok,,
iphone13,menu,input,switch,checkbox,Kumpir (Turkish Style Stuffed Baked Potato): shown. Tap to h,51×31,52×44,ok,,
iphone13,menu,button,,button,Edit Barley Soup,208×56,161×56,ok,,
iphone13,menu,button,,button,Price $9.99. Tap to change,72×44,72×44,ok,,
iphone13,menu,input,switch,checkbox,Barley Soup: shown. Tap to hide,51×31,52×44,ok,,
iphone13,menu,button,,button,Edit Pumpkin Soup,208×65,161×65,ok,,
iphone13,menu,button,,button,Price $7.99. Tap to change,72×44,72×45,ok,,
iphone13,menu,input,switch,checkbox,Pumpkin Soup: shown. Tap to hide,51×31,52×45,ok,,
iphone13,menu,button,,button,Edit chips o panir,208×56,161×57,ok,,
iphone13,menu,button,,button,Price $17.49. Tap to change,72×44,72×45,ok,,
iphone13,menu,input,switch,checkbox,chips o panir: shown. Tap to hide,51×31,52×45,ok,,
iphone13,menu,button,,button,Edit Mexican corn,208×56,161×57,ok,,
iphone13,menu,button,,button,Price $10.99. Tap to change,72×44,72×45,ok,,
iphone13,menu,input,switch,checkbox,Mexican corn: shown. Tap to hide,51×31,52×45,ok,,
iphone13,menu,button,,button,Edit Adasi,208×56,161×57,ok,,
iphone13,menu,button,,button,Price $9.99. Tap to change,72×44,72×45,ok,,
iphone13,menu,input,switch,checkbox,Adasi: shown. Tap to hide,51×31,52×45,ok,,
iphone13,menu,button,,button,Edit Aash-e-Sabzi Shiraz,196×56,161×57,ok,,
iphone13,menu,button,,button,No price. Tap to add one,84×44,85×45,ok,,
iphone13,menu,input,switch,checkbox,Aash-e-Sabzi Shiraz: hidden. Tap to show,51×31,52×45,ok,,
iphone13,menu,button,,button,Edit Aash-e-Reshteh,196×56,161×57,ok,,
iphone13,menu,button,,button,No price. Tap to add one,84×44,85×45,ok,,
iphone13,menu,input,switch,checkbox,Aash-e-Reshteh: hidden. Tap to show,51×31,52×45,ok,,
iphone13,menu,button,,button,Collapse Main Course,44×44,44×45,ok,,
iphone13,menu,button,,button,Main Course8غذا اصلی,126×44,127×45,ok,,
iphone13,menu,button,,button,Add item to Main Course,67×44,67×45,ok,,
iphone13,menu,button,,button,Section menu: Main Course,44×44,44×45,ok,,
iphone13,menu,input,switch,checkbox,Main Course: shown. Tap to hide,51×31,51×45,ok,,
iphone13,menu,button,,button,Edit Signature Senso Mix Sandwich,208×65,161×65,ok,,
iphone13,menu,button,,button,Price $19.99. Tap to change,72×44,72×45,ok,,
iphone13,menu,input,switch,checkbox,Signature Senso Mix Sandwich: shown. Tap to hide,51×31,52×45,ok,,
iphone13,menu,button,,button,Edit Tongue Sandwich,208×56,161×56,ok,,
iphone13,menu,button,,button,Price $20.99. Tap to change,72×44,72×44,ok,,
iphone13,menu,input,switch,checkbox,Tongue Sandwich: shown. Tap to hide,51×31,52×44,ok,,
iphone13,menu,button,,button,Edit Sosis Bandari Plate,208×56,161×56,ok,,
iphone13,menu,button,,button,Price $18.49. Tap to change,72×44,72×44,ok,,
iphone13,menu,input,switch,checkbox,Sosis Bandari Plate: shown. Tap to hide,51×31,52×44,ok,,
iphone13,menu,button,,button,Edit Sosis Plate,208×56,161×56,ok,,
iphone13,menu,button,,button,Price $18.49. Tap to change,72×44,72×44,ok,,
iphone13,menu,input,switch,checkbox,Sosis Plate: shown. Tap to hide,51×31,52×44,ok,,
iphone13,menu,button,,button,Edit Smoked Montreal Roast Beef Sandwich,208×56,161×56,ok,,
iphone13,menu,button,,button,Price $19.99. Tap to change,72×44,72×44,ok,,
iphone13,menu,input,switch,checkbox,Smoked Montreal Roast Beef Sandwich: shown. Tap to hide,51×31,52×44,ok,,
iphone13,menu,button,,button,Edit Smoked Turkey Breast Sandwich,208×56,161×56,ok,,
iphone13,menu,button,,button,Price $18.99. Tap to change,72×44,72×44,ok,,
iphone13,menu,input,switch,checkbox,Smoked Turkey Breast Sandwich: shown. Tap to hide,51×31,52×44,ok,,
iphone13,menu,button,,button,Edit Smoked Chicken Breast Sandwich,208×56,161×56,ok,,
iphone13,menu,button,,button,Price $18.99. Tap to change,72×44,72×44,ok,,
iphone13,menu,input,switch,checkbox,Smoked Chicken Breast Sandwich: shown. Tap to hide,51×31,52×44,ok,,
iphone13,menu,button,,button,Edit Ham Sandwich,196×56,161×56,ok,,
iphone13,menu,button,,button,No price. Tap to add one,84×44,85×44,ok,,
iphone13,menu,input,switch,checkbox,Ham Sandwich: hidden. Tap to show,51×31,52×44,ok,,
iphone13,menu,button,,button,Collapse Senso Pizza,44×44,44×44,ok,,
iphone13,menu,button,,button,Senso Pizza10پیتزا,126×44,127×44,ok,,
iphone13,menu,button,,button,Add item to Senso Pizza,67×44,67×44,ok,,
iphone13,menu,button,,button,Section menu: Senso Pizza,44×44,44×44,ok,,
iphone13,menu,input,switch,checkbox,Senso Pizza: shown. Tap to hide,51×31,51×44,ok,,
iphone13,menu,button,,button,Edit Cheese Pizza,208×65,161×65,ok,,
iphone13,menu,button,,button,Price $16.99. Tap to change,72×44,72×45,ok,,
iphone13,menu,input,switch,checkbox,Cheese Pizza: shown. Tap to hide,51×31,52×45,ok,,
iphone13,menu,button,,button,Edit Meat Lovers Pizza,208×65,161×65,ok,,
iphone13,menu,button,,button,Price $24.99. Tap to change,72×44,72×45,ok,,
iphone13,menu,input,switch,checkbox,Meat Lovers Pizza: shown. Tap to hide,51×31,52×45,ok,,
iphone13,menu,button,,button,Edit persian pizza,208×65,161×65,ok,,
iphone13,menu,button,,button,Price $22.99. Tap to change,72×44,72×45,ok,,
iphone13,menu,input,switch,checkbox,persian pizza: shown. Tap to hide,51×31,52×45,ok,,
iphone13,menu,button,,button,Edit Steak Pizza,208×65,161×65,ok,,
iphone13,menu,button,,button,Price $23.99. Tap to change,72×44,72×45,ok,,
iphone13,menu,input,switch,checkbox,Steak Pizza: shown. Tap to hide,51×31,52×45,ok,,
iphone13,menu,button,,button,Edit Vegetarian Pizza,208×65,161×65,ok,,
iphone13,menu,button,,button,Price $19.99. Tap to change,72×44,72×45,ok,,
iphone13,menu,input,switch,checkbox,Vegetarian Pizza: shown. Tap to hide,51×31,52×45,ok,,
iphone13,menu,button,,button,Edit Papa pizza (roast beef),208×56,161×57,ok,,
iphone13,menu,button,,button,Price $24.99. Tap to change,72×44,72×45,ok,,
iphone13,menu,input,switch,checkbox,Papa pizza (roast beef): shown. Tap to hide,51×31,52×45,ok,,
iphone13,menu,button,,button,"Edit Mama pizza (Grilled chicken Salami,beef bacon)",208×56,161×57,ok,,
iphone13,menu,button,,button,Price $22.99. Tap to change,72×44,72×45,ok,,
iphone13,menu,input,switch,checkbox,"Mama pizza (Grilled chicken Salami,beef bacon): shown. Tap t",51×31,52×45,ok,,
iphone13,menu,button,,button,Edit Bandari Pizza,196×56,161×57,ok,,
iphone13,menu,button,,button,No price. Tap to add one,84×44,85×45,ok,,
iphone13,menu,input,switch,checkbox,Bandari Pizza: hidden. Tap to show,51×31,52×45,ok,,
iphone13,menu,button,,button,Edit Chika Pizza (Grilled Chicken Salami),196×56,161×57,ok,,
iphone13,menu,button,,button,No price. Tap to add one,84×44,85×45,ok,,
iphone13,menu,input,switch,checkbox,Chika Pizza (Grilled Chicken Salami): hidden. Tap to show,51×31,52×45,ok,,
iphone13,menu,button,,button,Edit Turkish Pizza (Sojuk),196×56,161×57,ok,,
iphone13,menu,button,,button,No price. Tap to add one,84×44,85×45,ok,,
iphone13,menu,input,switch,checkbox,Turkish Pizza (Sojuk): hidden. Tap to show,51×31,52×45,ok,,
iphone13,menu,button,,button,Collapse Beverage,44×44,44×45,ok,,
iphone13,menu,button,,button,Beverage3نوشیدنی,126×44,127×45,ok,,
iphone13,menu,button,,button,Add item to Beverage,67×44,67×45,ok,,
iphone13,menu,button,,button,Section menu: Beverage,44×44,44×45,ok,,
iphone13,menu,input,switch,checkbox,Beverage: shown. Tap to hide,51×31,51×45,ok,,
iphone13,menu,button,,button,Edit Canada Dry Ginger Ale,208×56,161×57,ok,,
iphone13,menu,button,,button,Price $3.99. Tap to change,72×44,72×45,ok,,
iphone13,menu,input,switch,checkbox,Canada Dry Ginger Ale: shown. Tap to hide,51×31,52×45,ok,,
iphone13,menu,button,,button,Edit Coca Cola,208×56,161×57,ok,,
iphone13,menu,button,,button,Price $3.99. Tap to change,72×44,72×45,ok,,
iphone13,menu,input,switch,checkbox,Coca Cola: shown. Tap to hide,51×31,52×45,ok,,
iphone13,menu,button,,button,Edit Mineral water,208×56,161×57,ok,,
iphone13,menu,button,,button,Price $2.99. Tap to change,72×44,72×45,ok,,
iphone13,menu,input,switch,checkbox,Mineral water: shown. Tap to hide,51×31,52×45,ok,,
iphone13,menu,button,,button,Collapse Extra,44×44,44×45,ok,,
iphone13,menu,button,,button,Extra13افزودنی,126×44,127×45,ok,,
iphone13,menu,button,,button,Add item to Extra,67×44,67×45,ok,,
iphone13,menu,button,,button,Section menu: Extra,44×44,44×45,ok,,
iphone13,menu,input,switch,checkbox,Extra: shown. Tap to hide,51×31,51×45,ok,,
iphone13,menu,button,,button,Edit Extra Beef Bacon,208×65,161×65,ok,,
iphone13,menu,button,,button,Price $5.99. Tap to change,72×44,72×45,ok,,
iphone13,menu,input,switch,checkbox,Extra Beef Bacon: shown. Tap to hide,51×31,52×45,ok,,
iphone13,menu,button,,button,Edit Extra Bread (2 Slices),208×65,161×65,ok,,
iphone13,menu,button,,button,Price $1.49. Tap to change,72×44,72×45,ok,,
iphone13,menu,input,switch,checkbox,Extra Bread (2 Slices): shown. Tap to hide,51×31,52×45,ok,,
iphone13,menu,button,,button,Edit Extra Sausage,208×65,161×65,ok,,
iphone13,menu,button,,button,Price $5.99. Tap to change,72×44,72×45,ok,,
iphone13,menu,input,switch,checkbox,Extra Sausage: shown. Tap to hide,51×31,52×45,ok,,
iphone13,menu,button,,button,Edit Extra Egg,208×65,161×65,ok,,
iphone13,menu,button,,button,Price $2.49. Tap to change,72×44,72×45,ok,,
iphone13,menu,input,switch,checkbox,Extra Egg: shown. Tap to hide,51×31,52×45,ok,,
iphone13,menu,button,,button,Edit Extra Sujuk,208×65,161×65,ok,,
iphone13,menu,button,,button,Price $5.49. Tap to change,72×44,72×45,ok,,
iphone13,menu,input,switch,checkbox,Extra Sujuk: shown. Tap to hide,51×31,52×45,ok,,
iphone13,menu,button,,button,Edit Date,208×65,161×65,ok,,
iphone13,menu,button,,button,Price $1.99. Tap to change,72×44,72×45,ok,,
iphone13,menu,input,switch,checkbox,Date: shown. Tap to hide,51×31,52×45,ok,,
iphone13,menu,button,,button,Edit Extra Honey,208×65,161×65,ok,,
iphone13,menu,button,,button,Price $2.19. Tap to change,72×44,72×45,ok,,
iphone13,menu,input,switch,checkbox,Extra Honey: shown. Tap to hide,51×31,52×45,ok,,
iphone13,menu,button,,button,Edit Extra cheese,208×65,161×65,ok,,
iphone13,menu,button,,button,Price $2.19. Tap to change,72×44,72×45,ok,,
iphone13,menu,input,switch,checkbox,Extra cheese: shown. Tap to hide,51×31,52×45,ok,,
iphone13,menu,button,,button,Edit Nutella,208×65,161×65,ok,,
iphone13,menu,button,,button,Price $2.99. Tap to change,72×44,72×45,ok,,
iphone13,menu,input,switch,checkbox,Nutella: shown. Tap to hide,51×31,52×45,ok,,
iphone13,menu,button,,button,Edit Extra Gheymagh,208×65,161×65,ok,,
iphone13,menu,button,,button,Price $16.49. Tap to change,72×44,72×45,ok,,
iphone13,menu,input,switch,checkbox,Extra Gheymagh: shown. Tap to hide,51×31,52×45,ok,,
iphone13,menu,button,,button,Edit Extra Mushroom,208×65,161×65,ok,,
iphone13,menu,button,,button,Price $2.19. Tap to change,72×44,72×45,ok,,
iphone13,menu,input,switch,checkbox,Extra Mushroom: shown. Tap to hide,51×31,52×45,ok,,
iphone13,menu,button,,button,Edit Ginger shot,208×65,161×65,ok,,
iphone13,menu,button,,button,Price $3.99. Tap to change,72×44,72×45,ok,,
iphone13,menu,input,switch,checkbox,Ginger shot: shown. Tap to hide,51×31,52×45,ok,,
iphone13,menu,button,,button,Edit Nabat,208×65,161×65,ok,,
iphone13,menu,button,,button,Price $1.19. Tap to change,72×44,72×45,ok,,
iphone13,menu,input,switch,checkbox,Nabat: shown. Tap to hide,51×31,52×45,ok,,
iphone13,menu,button,,button,Add section,140×44,142×44,ok,,
iphone13,menu: venue menu open,a,,,Roses Kebab Land,274×52,161×52,ok,,
iphone13,menu: venue menu open,a,,,Senso Café & Bites,274×52,161×53,ok,,
iphone13,menu: venue menu open,a,,,Add venue,274×57,161×58,ok,,
iphone13,menu: account menu open,a,,,Customers’ page,254×44,161×44,ok,,
iphone13,menu: account menu open,button,,submit,Sign out,238×44,161×45,ok,,
iphone13,menu: section menu open,button,menuitem,button,Rename,182×44,161×44,ok,,
iphone13,menu: section menu open,button,menuitem,button,Move up,182×44,161×44,ok,,
iphone13,menu: section menu open,button,menuitem,button,Move down,182×44,161×44,ok,,
iphone13,menu: section menu open,button,menuitem,button,Delete section,182×44,161×44,ok,,
iphone13,menu: add item sheet,button,,button,Close,390×664,,covered,,input[Name].block.w-full
iphone13,menu: add item sheet,button,,button,Close,44×44,44×45,ok,,
iphone13,menu: add item sheet,input,,,Name,350×46,161×71,ok,label,
iphone13,menu: add item sheet,input,,,Price,350×46,161×107,ok,label,
iphone13,menu: add item sheet,input,,file,Choose a photo,1×1,130×45,ok,label,
iphone13,menu: add item sheet,button,,submit,Add item,350×44,161×45,ok,,
iphone13,menu: price being edited,input,,text,Price,96×44,96×44,ok,,
iphone13,menu: item editor,button,,button,Price $16.49. Tap to change,72×44,,covered,,span.mb-1.block
iphone13,menu: item editor,button,,button,DoneClose,81×44,82×44,ok,,
iphone13,menu: item editor,input,,text,Name,358×46,161×70,ok,label,
iphone13,menu: item editor,input,,text,Name (فارسی),358×46,161×70,ok,label,
iphone13,menu: item editor,input,,text,Price,358×46,161×70,ok,label,
iphone13,menu: item editor,input,,file,Choose a photo,1×1,158×44,ok,label,
iphone13,menu: item editor,button,,button,Remove,91×44,92×44,ok,,
iphone13,menu: item editor,input,switch,checkbox,Shown. Tap to hide,51×31,161×57,ok,label,
iphone13,menu: item editor,button,,button,More,358×48,161×48,ok,,
iphone13,menu: item editor,button,,button,Advanced,358×48,161×48,ok,,
iphone13,"menu: item editor, More and Advanced open",button,,button,Price $16.49. Tap to change,72×44,,covered,,div.mt-4.space-y-5
iphone13,"menu: item editor, More and Advanced open",textarea,,,Description,358×96,161×120,ok,label,
iphone13,"menu: item editor, More and Advanced open",textarea,,,Description (فارسی),358×96,161×120,ok,label,
iphone13,"menu: item editor, More and Advanced open",button,,button,Add size,114×44,115×44,ok,,
iphone13,"menu: item editor, More and Advanced open",input,,checkbox,Senso Signature,22×22,161×44,ok,label,
iphone13,"menu: item editor, More and Advanced open",input,,checkbox,Hot Beverage,22×22,161×44,ok,label,
iphone13,"menu: item editor, More and Advanced open",input,,checkbox,Tea & Herbal Tea,22×22,161×44,ok,label,
iphone13,"menu: item editor, More and Advanced open",input,,checkbox,Cold Beverage,22×22,161×44,ok,label,
iphone13,"menu: item editor, More and Advanced open",input,,checkbox,Fresh Juice,22×22,161×44,ok,label,
iphone13,"menu: item editor, More and Advanced open",input,,checkbox,Dessert,22×22,161×44,ok,label,
iphone13,"menu: item editor, More and Advanced open",input,,checkbox,Ice Cream,22×22,161×44,ok,label,
iphone13,"menu: item editor, More and Advanced open",input,,checkbox,Milkshake,22×22,161×44,ok,label,
iphone13,"menu: item editor, More and Advanced open",input,,checkbox,Persian Breakfast,22×22,161×44,ok,label,
iphone13,"menu: item editor, More and Advanced open",input,,checkbox,Salad,22×22,161×44,ok,label,
iphone13,"menu: item editor, More and Advanced open",input,,checkbox,Appetizer,22×22,161×44,ok,label,
iphone13,"menu: item editor, More and Advanced open",input,,checkbox,Main Course,22×22,161×44,ok,label,
iphone13,"menu: item editor, More and Advanced open",input,,checkbox,Senso Pizza,22×22,161×44,ok,label,
iphone13,"menu: item editor, More and Advanced open",input,,checkbox,Beverage,22×22,161×44,ok,label,
iphone13,"menu: item editor, More and Advanced open",input,,checkbox,Extra,22×22,161×44,ok,label,
iphone13,"menu: item editor, More and Advanced open",button,,button,Move up,116×44,117×44,ok,,
iphone13,"menu: item editor, More and Advanced open",button,,button,Move down,136×44,137×44,ok,,
iphone13,"menu: item editor, More and Advanced open",input,,text,Serves,358×46,161×70,ok,label,
iphone13,"menu: item editor, More and Advanced open",button,,button,Add a choice,145×44,146×44,ok,,
iphone13,"menu: item editor, More and Advanced open",button,,button,Add a part,127×44,128×44,ok,,
iphone13,"menu: item editor, More and Advanced open",input,,text,Allergens,358×46,161×90,ok,label,
iphone13,"menu: item editor, More and Advanced open",input,,text,Dietary,358×46,161×90,ok,label,
iphone13,"menu: item editor, More and Advanced open",input,,radio,Not set,22×22,116×44,ok,label,
iphone13,"menu: item editor, More and Advanced open",input,,radio,Yes,22×22,116×44,ok,label,
iphone13,"menu: item editor, More and Advanced open",input,,radio,No,22×22,116×44,ok,label,
iphone13,"menu: item editor, More and Advanced open",input,,text,Note,358×46,161×70,ok,label,
iphone13,"menu: item editor, More and Advanced open",input,,text,Note (فارسی),358×46,161×70,ok,label,
iphone13,"menu: item editor, More and Advanced open",button,,button,Delete this item,167×44,161×44,ok,,
iphone13,menu: Saved · Undo toast,button,,button,Price $16.74. Tap to change,72×44,72×44,ok,,
iphone13,menu: Saved · Undo toast,button,,button,Undo,82×44,83×44,ok,,
iphone13,menu: preview open,button,,button,Edit,72×44,72×44,ok,,
iphone13,menu: preview open,button,,button,Welcome,81×36,81×44,ok,,
iphone13,menu: preview open,button,,button,Menu,59×36,59×44,ok,,
iphone13,menu: preview open,button,,button,Item popup,95×36,95×44,ok,,
iphone13,menu: preview open,button,,button,Section list,94×36,94×44,ok,,
iphone13,menu: preview open,button,,button,EN,44×36,44×44,ok,,
iphone13,menu: preview open,button,,button,FA,44×36,45×44,ok,,
iphone13,menu: preview open,button,,button,Replay the welcome animation,88×36,89×44,ok,,
iphone13,menu: preview open,button,,button,Fall,45×36,46×44,ok,,
iphone13,menu: preview open,button,,button,Winter,66×36,66×44,ok,,
iphone13,menu: preview open,button,,button,Spring,65×36,65×44,ok,,
iphone13,menu: preview open,button,,button,Summer,76×36,77×44,ok,,
iphone13,menu: preview open,button,,button,Morning,76×36,76×44,ok,,
iphone13,menu: preview open,button,,button,Afternoon,87×36,87×44,ok,,
iphone13,menu: preview open,button,,button,Evening,73×36,74×44,ok,,
iphone13,"menu: item editor, an item with add-ons",button,,button,DoneClose,81×44,82×44,ok,,
iphone13,"menu: item editor, an item with add-ons",input,,text,Name,358×46,161×70,ok,label,
iphone13,"menu: item editor, an item with add-ons",input,,text,Name (فارسی),358×46,161×70,ok,label,
iphone13,"menu: item editor, an item with add-ons",input,,text,Price,358×46,161×70,ok,label,
iphone13,"menu: item editor, an item with add-ons",input,,file,Choose a photo,1×1,158×44,ok,label,
iphone13,"menu: item editor, an item with add-ons",button,,button,Remove,91×44,92×44,ok,,
iphone13,"menu: item editor, an item with add-ons",input,switch,checkbox,Shown. Tap to hide,51×31,161×57,ok,label,
iphone13,"menu: item editor, an item with add-ons",button,,button,More,358×48,161×48,ok,,
iphone13,"menu: item editor, an item with add-ons",textarea,,,Description,358×96,161×120,ok,label,
iphone13,"menu: item editor, an item with add-ons",textarea,,,Description (فارسی),358×96,161×120,ok,label,
iphone13,"menu: item editor, an item with add-ons",button,,button,Add size,114×44,115×44,ok,,
iphone13,"menu: item editor, an item with add-ons",input,,checkbox,Senso Signature,22×22,161×44,ok,label,
iphone13,"menu: item editor, an item with add-ons",input,,checkbox,Hot Beverage,22×22,161×44,ok,label,
iphone13,"menu: item editor, an item with add-ons",input,,checkbox,Tea & Herbal Tea,22×22,161×44,ok,label,
iphone13,"menu: item editor, an item with add-ons",input,,checkbox,Cold Beverage,22×22,161×44,ok,label,
iphone13,"menu: item editor, an item with add-ons",input,,checkbox,Fresh Juice,22×22,161×44,ok,label,
iphone13,"menu: item editor, an item with add-ons",input,,checkbox,Dessert,22×22,161×44,ok,label,
iphone13,"menu: item editor, an item with add-ons",input,,checkbox,Ice Cream,22×22,161×44,ok,label,
iphone13,"menu: item editor, an item with add-ons",input,,checkbox,Milkshake,22×22,161×44,ok,label,
iphone13,"menu: item editor, an item with add-ons",input,,checkbox,Persian Breakfast,22×22,161×44,ok,label,
iphone13,"menu: item editor, an item with add-ons",input,,checkbox,Salad,22×22,161×44,ok,label,
iphone13,"menu: item editor, an item with add-ons",input,,checkbox,Appetizer,22×22,161×44,ok,label,
iphone13,"menu: item editor, an item with add-ons",input,,checkbox,Main Course,22×22,161×44,ok,label,
iphone13,"menu: item editor, an item with add-ons",input,,checkbox,Senso Pizza,22×22,161×44,ok,label,
iphone13,"menu: item editor, an item with add-ons",input,,checkbox,Beverage,22×22,161×44,ok,label,
iphone13,"menu: item editor, an item with add-ons",input,,checkbox,Extra,22×22,161×44,ok,label,
iphone13,"menu: item editor, an item with add-ons",button,,button,Move up,116×44,117×44,ok,,
iphone13,"menu: item editor, an item with add-ons",button,,button,Move down,136×44,137×44,ok,,
iphone13,"menu: item editor, an item with add-ons",input,,text,Serves,358×46,161×70,ok,label,
iphone13,"menu: item editor, an item with add-ons",button,,button,Advanced,358×48,161×48,ok,,
iphone13,"menu: item editor, an item with add-ons",input,,text,Add-on 1 group,168×46,161×46,ok,,
iphone13,"menu: item editor, an item with add-ons",input,,text,Add-on 1 group (Persian),168×46,161×46,ok,,
iphone13,"menu: item editor, an item with add-ons",input,,text,Add-on 1 choice,168×46,161×46,ok,,
iphone13,"menu: item editor, an item with add-ons",input,,text,Add-on 1 choice (Persian),168×46,161×46,ok,,
iphone13,"menu: item editor, an item with add-ons",input,,text,Add-on 1 extra price,112×46,112×46,ok,,
iphone13,"menu: item editor, an item with add-ons",input,,checkbox,Required,22×22,87×44,ok,label,
iphone13,"menu: item editor, an item with add-ons",button,,button,Remove add-on Add Atlantic Salmon,44×44,44×44,ok,,
iphone13,"menu: item editor, an item with add-ons",input,,text,Add-on 2 group,168×46,161×46,ok,,
iphone13,"menu: item editor, an item with add-ons",input,,text,Add-on 2 group (Persian),168×46,161×46,ok,,
iphone13,"menu: item editor, an item with add-ons",input,,text,Add-on 2 choice,168×46,161×46,ok,,
iphone13,"menu: item editor, an item with add-ons",input,,text,Add-on 2 choice (Persian),168×46,161×46,ok,,
iphone13,"menu: item editor, an item with add-ons",input,,text,Add-on 2 extra price,112×46,112×46,ok,,
iphone13,"menu: item editor, an item with add-ons",input,,checkbox,Required,22×22,87×44,ok,label,
iphone13,"menu: item editor, an item with add-ons",button,,button,Remove add-on Add Chicken,44×44,44×44,ok,,
iphone13,"menu: item editor, an item with add-ons",button,,button,Add a choice,145×44,146×44,ok,,
iphone13,"menu: item editor, an item with add-ons",button,,button,Add a part,127×44,128×44,ok,,
iphone13,"menu: item editor, an item with add-ons",input,,text,Allergens,358×46,161×90,ok,label,
iphone13,"menu: item editor, an item with add-ons",input,,text,Dietary,358×46,161×90,ok,label,
iphone13,"menu: item editor, an item with add-ons",input,,radio,Not set,22×22,116×44,ok,label,
iphone13,"menu: item editor, an item with add-ons",input,,radio,Yes,22×22,116×44,ok,label,
iphone13,"menu: item editor, an item with add-ons",input,,radio,No,22×22,116×44,ok,label,
iphone13,"menu: item editor, an item with add-ons",input,,text,Note,358×46,161×70,ok,label,
iphone13,"menu: item editor, an item with add-ons",input,,text,Note (فارسی),358×46,161×70,ok,label,
iphone13,"menu: item editor, an item with add-ons",button,,button,Delete this item,167×44,161×44,ok,,
iphone13,kebab-land menu,summary,,,Switch venue,195×44,161×45,ok,,
iphone13,kebab-land menu,a,,,Team,81×44,82×45,ok,,
iphone13,kebab-land menu,summary,,,Account,66×44,66×45,ok,,
iphone13,kebab-land menu,a,,,Menu,67×36,69×44,ok,,
iphone13,kebab-land menu,a,,,Style,64×36,65×44,ok,,
iphone13,kebab-land menu,a,,,Details,77×36,78×44,ok,,
iphone13,kebab-land menu,button,,button,Preview,101×44,101×44,ok,,
iphone13,kebab-land menu,button,,button,102 Persian drafts,135×44,136×44,ok,,
iphone13,kebab-land menu,button,,button,57 without a photo,138×44,139×44,ok,,
iphone13,kebab-land menu,input,,search,Search items,184×44,161×44,ok,,
iphone13,kebab-land menu,select,,,Jump to section,174×44,161×44,ok,,
iphone13,kebab-land menu,button,,button,Collapse Appetizers,44×44,44×44,ok,,
iphone13,kebab-land menu,button,,button,Appetizers8پیش‌غذاPersian draft,126×44,127×44,ok,,
iphone13,kebab-land menu,button,,button,Add item to Appetizers,67×44,67×44,ok,,
iphone13,kebab-land menu,button,,button,Section menu: Appetizers,44×44,44×44,ok,,
iphone13,kebab-land menu,input,switch,checkbox,Appetizers: shown. Tap to hide,51×31,51×44,ok,,
iphone13,kebab-land menu,button,,button,Edit Green Salad,208×65,161×65,ok,,
iphone13,kebab-land menu,button,,button,Price $13.99. Tap to change,72×44,72×45,ok,,
iphone13,kebab-land menu,input,switch,checkbox,Green Salad: shown. Tap to hide,51×31,52×45,ok,,
iphone13,kebab-land menu,button,,button,Edit Yogurt with Shallot Dip (Maast o Moosir),208×65,161×65,ok,,
iphone13,kebab-land menu,button,,button,Price $9.99. Tap to change,72×44,72×45,ok,,
iphone13,kebab-land menu,input,switch,checkbox,Yogurt with Shallot Dip (Maast o Moosir): shown. Tap to hide,51×31,52×45,ok,,
iphone13,kebab-land menu,button,,button,Edit Baba Ghanoosh,208×65,161×65,ok,,
iphone13,kebab-land menu,button,,button,Price $11.99. Tap to change,72×44,72×45,ok,,
iphone13,kebab-land menu,input,switch,checkbox,Baba Ghanoosh: shown. Tap to hide,51×31,52×45,ok,,
iphone13,kebab-land menu,button,,button,Edit Fried Eggplant,208×65,161×65,ok,,
iphone13,kebab-land menu,button,,button,Price $11.99. Tap to change,72×44,72×45,ok,,
iphone13,kebab-land menu,input,switch,checkbox,Fried Eggplant: shown. Tap to hide,51×31,52×45,ok,,
iphone13,kebab-land menu,button,,button,Edit Kashke Bademjan,208×65,161×65,ok,,
iphone13,kebab-land menu,button,,button,Price $13.99. Tap to change,72×44,72×45,ok,,
iphone13,kebab-land menu,input,switch,checkbox,Kashke Bademjan: shown. Tap to hide,51×31,52×45,ok,,
iphone13,kebab-land menu,button,,button,Edit Zeytoon Parvarde,208×65,161×65,ok,,
iphone13,kebab-land menu,button,,button,Price $11.99. Tap to change,72×44,72×45,ok,,
iphone13,kebab-land menu,input,switch,checkbox,Zeytoon Parvarde: shown. Tap to hide,51×31,52×45,ok,,
iphone13,kebab-land menu,button,,button,Edit Mixed Appetizer,208×65,161×65,ok,,
iphone13,kebab-land menu,button,,button,Price $29.99. Tap to change,72×44,72×45,ok,,
iphone13,kebab-land menu,input,switch,checkbox,Mixed Appetizer: shown. Tap to hide,51×31,52×45,ok,,
iphone13,kebab-land menu,button,,button,Edit Mixed Appetizer Platter,208×65,161×65,ok,,
iphone13,kebab-land menu,button,,button,Price $44.99. Tap to change,72×44,72×45,ok,,
iphone13,kebab-land menu,input,switch,checkbox,Mixed Appetizer Platter: shown. Tap to hide,51×31,52×45,ok,,
iphone13,kebab-land menu,button,,button,Collapse Main Menu,44×44,44×44,ok,,
iphone13,kebab-land menu,button,,button,Main Menu15منوی اصلیPersian draft,126×44,127×44,ok,,
iphone13,kebab-land menu,button,,button,Add item to Main Menu,67×44,67×44,ok,,
iphone13,kebab-land menu,button,,button,Section menu: Main Menu,44×44,44×44,ok,,
iphone13,kebab-land menu,input,switch,checkbox,Main Menu: shown. Tap to hide,51×31,51×44,ok,,
iphone13,kebab-land menu,button,,button,Edit Bazari Koobideh Kebab,208×65,161×65,ok,,
iphone13,kebab-land menu,button,,button,Price $28.99. Tap to change,72×44,72×45,ok,,
iphone13,kebab-land menu,input,switch,checkbox,Bazari Koobideh Kebab: shown. Tap to hide,51×31,52×45,ok,,
iphone13,kebab-land menu,button,,button,Edit Roses Koobideh Kebab,208×65,161×65,ok,,
iphone13,kebab-land menu,button,,button,Price $31.99. Tap to change,72×44,72×45,ok,,
iphone13,kebab-land menu,input,switch,checkbox,Roses Koobideh Kebab: shown. Tap to hide,51×31,52×45,ok,,
iphone13,kebab-land menu,button,,button,Edit Barg Kebab,208×65,161×65,ok,,
iphone13,kebab-land menu,button,,button,Price $39.99. Tap to change,72×44,72×45,ok,,
iphone13,kebab-land menu,input,switch,checkbox,Barg Kebab: shown. Tap to hide,51×31,52×45,ok,,
iphone13,kebab-land menu,button,,button,Edit Fillet Chenjeh Kebab,208×65,161×65,ok,,
iphone13,kebab-land menu,button,,button,Price $37.99. Tap to change,72×44,72×45,ok,,
iphone13,kebab-land menu,input,switch,checkbox,Fillet Chenjeh Kebab: shown. Tap to hide,51×31,52×45,ok,,
iphone13,kebab-land menu,button,,button,Edit Gilaki Sour Kebab,208×65,161×65,ok,,
iphone13,kebab-land menu,button,,button,Price $38.99. Tap to change,72×44,72×45,ok,,
iphone13,kebab-land menu,input,switch,checkbox,Gilaki Sour Kebab: shown. Tap to hide,51×31,52×45,ok,,
iphone13,kebab-land menu,button,,button,Edit Chicken Leg Kebab,208×65,161×65,ok,,
iphone13,kebab-land menu,button,,button,Price $28.99. Tap to change,72×44,72×45,ok,,
iphone13,kebab-land menu,input,switch,checkbox,Chicken Leg Kebab: shown. Tap to hide,51×31,52×45,ok,,
iphone13,kebab-land menu,button,,button,Edit Chicken Breast Kebab,208×65,161×65,ok,,
iphone13,kebab-land menu,button,,button,Price $29.99. Tap to change,72×44,72×45,ok,,
iphone13,kebab-land menu,input,switch,checkbox,Chicken Breast Kebab: shown. Tap to hide,51×31,52×45,ok,,
iphone13,kebab-land menu,button,,button,Edit Shekari Chicken Kebab,208×65,161×65,ok,,
iphone13,kebab-land menu,button,,button,Price $33.99. Tap to change,72×44,72×45,ok,,
iphone13,kebab-land menu,input,switch,checkbox,Shekari Chicken Kebab: shown. Tap to hide,51×31,52×45,ok,,
iphone13,kebab-land menu,button,,button,Edit Akbar Joojeh,208×65,161×65,ok,,
iphone13,kebab-land menu,button,,button,Price $29.99. Tap to change,72×44,72×45,ok,,
iphone13,kebab-land menu,input,switch,checkbox,Akbar Joojeh: shown. Tap to hide,51×31,52×45,ok,,
iphone13,kebab-land menu,button,,button,Edit Darbari Chicken Kebab,208×65,161×65,ok,,
iphone13,kebab-land menu,button,,button,Price $34.99. Tap to change,72×44,72×45,ok,,
iphone13,kebab-land menu,input,switch,checkbox,Darbari Chicken Kebab: shown. Tap to hide,51×31,52×45,ok,,
iphone13,kebab-land menu,button,,button,Edit Shishlik Kebab,208×65,161×65,ok,,
iphone13,kebab-land menu,button,,button,Price $49.99. Tap to change,72×44,72×45,ok,,
iphone13,kebab-land menu,input,switch,checkbox,Shishlik Kebab: shown. Tap to hide,51×31,52×45,ok,,
iphone13,kebab-land menu,button,,button,Edit Bakhtiari Kebab,208×65,161×65,ok,,
iphone13,kebab-land menu,button,,button,Price $39.99. Tap to change,72×44,72×45,ok,,
iphone13,kebab-land menu,input,switch,checkbox,Bakhtiari Kebab: shown. Tap to hide,51×31,52×45,ok,,
iphone13,kebab-land menu,button,,button,Edit Special Bonab Kebab,208×65,161×65,ok,,
iphone13,kebab-land menu,button,,button,Price $31.99. Tap to change,72×44,72×45,ok,,
iphone13,kebab-land menu,input,switch,checkbox,Special Bonab Kebab: shown. Tap to hide,51×31,52×45,ok,,
iphone13,kebab-land menu,button,,button,Edit Rainbow Fish,208×65,161×65,ok,,
iphone13,kebab-land menu,button,,button,Price $43.99. Tap to change,72×44,72×45,ok,,
iphone13,kebab-land menu,input,switch,checkbox,Rainbow Fish: shown. Tap to hide,51×31,52×45,ok,,
iphone13,kebab-land menu,button,,button,Edit Stone Lamb Shanks,208×65,161×65,ok,,
iphone13,kebab-land menu,button,,button,Price $31.99. Tap to change,72×44,72×45,ok,,
iphone13,kebab-land menu,input,switch,checkbox,Stone Lamb Shanks: shown. Tap to hide,51×31,52×45,ok,,
iphone13,kebab-land menu,button,,button,Collapse Chef's Special,44×44,44×45,ok,,
iphone13,kebab-land menu,button,,button,Chef's Special8ویژه سرآشپزPersian draft,126×44,127×45,ok,,
iphone13,kebab-land menu,button,,button,Add item to Chef's Special,67×44,67×45,ok,,
iphone13,kebab-land menu,button,,button,Section menu: Chef's Special,44×44,44×45,ok,,
iphone13,kebab-land menu,input,switch,checkbox,Chef's Special: shown. Tap to hide,51×31,51×45,ok,,
iphone13,kebab-land menu,button,,button,Edit Jojeh Fesenjooni,208×65,161×65,ok,,
iphone13,kebab-land menu,button,,button,Price $33.99. Tap to change,72×44,72×45,ok,,
iphone13,kebab-land menu,input,switch,checkbox,Jojeh Fesenjooni: shown. Tap to hide,51×31,52×45,ok,,
iphone13,kebab-land menu,button,,button,Edit Jojeh Avocado,208×65,161×65,ok,,
iphone13,kebab-land menu,button,,button,Price $33.99. Tap to change,72×44,72×45,ok,,
iphone13,kebab-land menu,input,switch,checkbox,Jojeh Avocado: shown. Tap to hide,51×31,52×45,ok,,
iphone13,kebab-land menu,button,,button,Edit Jojeh Mix,208×65,161×65,ok,,
iphone13,kebab-land menu,button,,button,Price $36.99. Tap to change,72×44,72×45,ok,,
iphone13,kebab-land menu,input,switch,checkbox,Jojeh Mix: shown. Tap to hide,51×31,52×45,ok,,
iphone13,kebab-land menu,button,,button,Edit Kaseh Kebab,208×65,161×65,ok,,
iphone13,kebab-land menu,button,,button,Price $84.99. Tap to change,72×44,72×45,ok,,
iphone13,kebab-land menu,input,switch,checkbox,Kaseh Kebab: shown. Tap to hide,51×31,52×45,ok,,
iphone13,kebab-land menu,button,,button,Edit Tabrizi Barg Kebab,208×65,161×65,ok,,
iphone13,kebab-land menu,button,,button,Price $45.99. Tap to change,72×44,72×45,ok,,
iphone13,kebab-land menu,input,switch,checkbox,Tabrizi Barg Kebab: shown. Tap to hide,51×31,52×45,ok,,
iphone13,kebab-land menu,button,,button,Edit Special Chef Dish,208×65,161×65,ok,,
iphone13,kebab-land menu,button,,button,Price $79.99. Tap to change,72×44,72×45,ok,,
iphone13,kebab-land menu,input,switch,checkbox,Special Chef Dish: shown. Tap to hide,51×31,52×45,ok,,
iphone13,kebab-land menu,button,,button,Edit Chicken Rolled Fillet,208×65,161×65,ok,,
iphone13,kebab-land menu,button,,button,Price $32.99. Tap to change,72×44,72×45,ok,,
iphone13,kebab-land menu,input,switch,checkbox,Chicken Rolled Fillet: shown. Tap to hide,51×31,52×45,ok,,
iphone13,kebab-land menu,button,,button,Edit Rolled Fillet Kebab,208×65,161×65,ok,,
iphone13,kebab-land menu,button,,button,Price $49.99. Tap to change,72×44,72×45,ok,,
iphone13,kebab-land menu,input,switch,checkbox,Rolled Fillet Kebab: shown. Tap to hide,51×31,52×45,ok,,
iphone13,kebab-land menu,button,,button,Collapse Mixed Kebabs,44×44,44×45,ok,,
iphone13,kebab-land menu,button,,button,Mixed Kebabs7کباب‌های ترکیبیPersian draft,126×44,127×45,ok,,
iphone13,kebab-land menu,button,,button,Add item to Mixed Kebabs,67×44,67×45,ok,,
iphone13,kebab-land menu,button,,button,Section menu: Mixed Kebabs,44×44,44×45,ok,,
iphone13,kebab-land menu,input,switch,checkbox,Mixed Kebabs: shown. Tap to hide,51×31,51×45,ok,,
iphone13,kebab-land menu,button,,button,Edit Salari Kebab,208×65,161×65,ok,,
iphone13,kebab-land menu,button,,button,Price $38.99. Tap to change,72×44,72×45,ok,,
iphone13,kebab-land menu,input,switch,checkbox,Salari Kebab: shown. Tap to hide,51×31,52×45,ok,,
iphone13,kebab-land menu,button,,button,Edit Soltani Kebab,208×65,161×65,ok,,
iphone13,kebab-land menu,button,,button,Price $48.99. Tap to change,72×44,72×45,ok,,
iphone13,kebab-land menu,input,switch,checkbox,Soltani Kebab: shown. Tap to hide,51×31,52×45,ok,,
iphone13,kebab-land menu,button,,button,Edit Mohtasham,208×65,161×65,ok,,
iphone13,kebab-land menu,button,,button,Price $63.99. Tap to change,72×44,72×45,ok,,
iphone13,kebab-land menu,input,switch,checkbox,Mohtasham: shown. Tap to hide,51×31,52×45,ok,,
iphone13,kebab-land menu,button,,button,Edit Mozaffari Kebab,208×65,161×65,ok,,
iphone13,kebab-land menu,button,,button,Price $45.99. Tap to change,72×44,72×45,ok,,
iphone13,kebab-land menu,input,switch,checkbox,Mozaffari Kebab: shown. Tap to hide,51×31,52×45,ok,,
iphone13,kebab-land menu,button,,button,Edit Amiri Kebab,208×65,161×65,ok,,
iphone13,kebab-land menu,button,,button,Price $56.99. Tap to change,72×44,72×45,ok,,
iphone13,kebab-land menu,input,switch,checkbox,Amiri Kebab: shown. Tap to hide,51×31,52×45,ok,,
iphone13,kebab-land menu,button,,button,Edit Vaziri Kebab,208×65,161×65,ok,,
iphone13,kebab-land menu,button,,button,Price $37.99. Tap to change,72×44,72×45,ok,,
iphone13,kebab-land menu,input,switch,checkbox,Vaziri Kebab: shown. Tap to hide,51×31,52×45,ok,,
iphone13,kebab-land menu,button,,button,Edit Yeylaghi,208×65,161×65,ok,,
iphone13,kebab-land menu,button,,button,Price $48.99. Tap to change,72×44,72×45,ok,,
iphone13,kebab-land menu,input,switch,checkbox,Yeylaghi: shown. Tap to hide,51×31,52×45,ok,,
iphone13,kebab-land menu,button,,button,Collapse Platters,44×44,44×44,ok,,
iphone13,kebab-land menu,button,,button,Platters6سینی‌هاPersian draft,126×44,127×44,ok,,
iphone13,kebab-land menu,button,,button,Add item to Platters,67×44,67×44,ok,,
iphone13,kebab-land menu,button,,button,Section menu: Platters,44×44,44×44,ok,,
iphone13,kebab-land menu,input,switch,checkbox,Platters: shown. Tap to hide,51×31,51×44,ok,,
iphone13,kebab-land menu,button,,button,Edit Platter 1,208×65,161×65,ok,,
iphone13,kebab-land menu,button,,button,Price $86.99. Tap to change,72×44,72×45,ok,,
iphone13,kebab-land menu,input,switch,checkbox,Platter 1: shown. Tap to hide,51×31,52×45,ok,,
iphone13,kebab-land menu,button,,button,Edit Platter 2,208×65,161×65,ok,,
iphone13,kebab-land menu,button,,button,Price $95.99. Tap to change,72×44,72×45,ok,,
iphone13,kebab-land menu,input,switch,checkbox,Platter 2: shown. Tap to hide,51×31,52×45,ok,,
iphone13,kebab-land menu,button,,button,Edit Platter 3,202×65,161×65,ok,,
iphone13,kebab-land menu,button,,button,Price $150.99. Tap to change,78×44,78×45,ok,,
iphone13,kebab-land menu,input,switch,checkbox,Platter 3: shown. Tap to hide,51×31,52×45,ok,,
iphone13,kebab-land menu,button,,button,Edit Platter 4,202×65,161×65,ok,,
iphone13,kebab-land menu,button,,button,Price $157.99. Tap to change,78×44,78×45,ok,,
iphone13,kebab-land menu,input,switch,checkbox,Platter 4: shown. Tap to hide,51×31,52×45,ok,,
iphone13,kebab-land menu,button,,button,Edit Platter 5,202×65,161×65,ok,,
iphone13,kebab-land menu,button,,button,Price $137.99. Tap to change,78×44,78×45,ok,,
iphone13,kebab-land menu,input,switch,checkbox,Platter 5: shown. Tap to hide,51×31,52×45,ok,,
iphone13,kebab-land menu,button,,button,Edit Platter 6,202×65,161×65,ok,,
iphone13,kebab-land menu,button,,button,Price $146.99. Tap to change,78×44,78×45,ok,,
iphone13,kebab-land menu,input,switch,checkbox,Platter 6: shown. Tap to hide,51×31,52×45,ok,,
iphone13,kebab-land menu,button,,button,Collapse Drinks,44×44,44×44,ok,,
iphone13,kebab-land menu,button,,button,Drinks4نوشیدنی‌هاPersian draft,126×44,127×44,ok,,
iphone13,kebab-land menu,button,,button,Add item to Drinks,67×44,67×44,ok,,
iphone13,kebab-land menu,button,,button,Section menu: Drinks,44×44,44×44,ok,,
iphone13,kebab-land menu,input,switch,checkbox,Drinks: shown. Tap to hide,51×31,51×44,ok,,
iphone13,kebab-land menu,button,,button,Edit Walnut Yogurt Drink,208×65,161×65,ok,,
iphone13,kebab-land menu,button,,button,Price $12.99. Tap to change,72×44,72×45,ok,,
iphone13,kebab-land menu,input,switch,checkbox,Walnut Yogurt Drink: shown. Tap to hide,51×31,52×45,ok,,
iphone13,kebab-land menu,button,,button,Edit Shallot (Moosir) Yogurt Drink,208×65,161×65,ok,,
iphone13,kebab-land menu,button,,button,Price $12.99. Tap to change,72×44,72×45,ok,,
iphone13,kebab-land menu,input,switch,checkbox,Shallot (Moosir) Yogurt Drink: shown. Tap to hide,51×31,52×45,ok,,
iphone13,kebab-land menu,button,,button,Edit Local Yogurt Moosir,208×65,161×65,ok,,
iphone13,kebab-land menu,button,,button,Price $12.99. Tap to change,72×44,72×45,ok,,
iphone13,kebab-land menu,input,switch,checkbox,Local Yogurt Moosir: shown. Tap to hide,51×31,52×45,ok,,
iphone13,kebab-land menu,button,,button,Edit Soft Drink,208×65,161×65,ok,,
iphone13,kebab-land menu,button,,button,Price $5. Tap to change,72×44,72×45,ok,,
iphone13,kebab-land menu,input,switch,checkbox,Soft Drink: shown. Tap to hide,51×31,52×45,ok,,
iphone13,kebab-land menu,button,,button,Collapse Dessert,44×44,44×44,ok,,
iphone13,kebab-land menu,button,,button,Dessert5دسرPersian draft,126×44,127×44,ok,,
iphone13,kebab-land menu,button,,button,Add item to Dessert,67×44,67×44,ok,,
iphone13,kebab-land menu,button,,button,Section menu: Dessert,44×44,44×44,ok,,
iphone13,kebab-land menu,input,switch,checkbox,Dessert: shown. Tap to hide,51×31,51×44,ok,,
iphone13,kebab-land menu,button,,button,Edit Baklava,208×65,161×65,ok,,
iphone13,kebab-land menu,button,,button,Price $9.99. Tap to change,72×44,72×45,ok,,
iphone13,kebab-land menu,input,switch,checkbox,Baklava: shown. Tap to hide,51×31,52×45,ok,,
iphone13,kebab-land menu,button,,button,Edit Tiramisu cake,208×65,161×65,ok,,
iphone13,kebab-land menu,button,,button,Price $9.99. Tap to change,72×44,72×45,ok,,
iphone13,kebab-land menu,input,switch,checkbox,Tiramisu cake: shown. Tap to hide,51×31,52×45,ok,,
iphone13,kebab-land menu,button,,button,Edit Pistachio cake,208×65,161×65,ok,,
iphone13,kebab-land menu,button,,button,Price $9.99. Tap to change,72×44,72×45,ok,,
iphone13,kebab-land menu,input,switch,checkbox,Pistachio cake: shown. Tap to hide,51×31,52×45,ok,,
iphone13,kebab-land menu,button,,button,Edit Nutella cake,208×65,161×65,ok,,
iphone13,kebab-land menu,button,,button,Price $9.99. Tap to change,72×44,72×45,ok,,
iphone13,kebab-land menu,input,switch,checkbox,Nutella cake: shown. Tap to hide,51×31,52×45,ok,,
iphone13,kebab-land menu,button,,button,Edit Caramel and hazelnut cake,208×65,161×65,ok,,
iphone13,kebab-land menu,button,,button,Price $9.99. Tap to change,72×44,72×45,ok,,
iphone13,kebab-land menu,input,switch,checkbox,Caramel and hazelnut cake: shown. Tap to hide,51×31,52×45,ok,,
iphone13,kebab-land menu,button,,button,Collapse Summer Sip,44×44,44×45,ok,,
iphone13,kebab-land menu,button,,button,Summer Sip1نوشیدنی تابستانیPersian draft,126×44,127×45,ok,,
iphone13,kebab-land menu,button,,button,Add item to Summer Sip,67×44,67×45,ok,,
iphone13,kebab-land menu,button,,button,Section menu: Summer Sip,44×44,44×45,ok,,
iphone13,kebab-land menu,input,switch,checkbox,Summer Sip: shown. Tap to hide,51×31,51×45,ok,,
iphone13,kebab-land menu,button,,button,Edit Tutti Trend,208×65,161×65,ok,,
iphone13,kebab-land menu,button,,button,Price $14.99. Tap to change,72×44,72×45,ok,,
iphone13,kebab-land menu,input,switch,checkbox,Tutti Trend: shown. Tap to hide,51×31,52×45,ok,,
iphone13,kebab-land menu,button,,button,Collapse Must Try,44×44,44×44,ok,,
iphone13,kebab-land menu,button,,button,Must Try1حتماً امتحان کنیدPersian draft,126×44,127×44,ok,,
iphone13,kebab-land menu,button,,button,Add item to Must Try,67×44,67×44,ok,,
iphone13,kebab-land menu,button,,button,Section menu: Must Try,44×44,44×44,ok,,
iphone13,kebab-land menu,input,switch,checkbox,Must Try: shown. Tap to hide,51×31,51×44,ok,,
iphone13,kebab-land menu,button,,button,Edit Sultan’s Goblet,208×65,161×65,ok,,
iphone13,kebab-land menu,button,,button,Price $14.99. Tap to change,72×44,72×45,ok,,
iphone13,kebab-land menu,input,switch,checkbox,Sultan’s Goblet: shown. Tap to hide,51×31,52×45,ok,,
iphone13,kebab-land menu,button,,button,Collapse Classics,44×44,44×45,ok,,
iphone13,kebab-land menu,button,,button,Classics0کلاسیک‌هاPersian draft,126×44,127×45,ok,,
iphone13,kebab-land menu,button,,button,Add item to Classics,67×44,67×45,ok,,
iphone13,kebab-land menu,button,,button,Section menu: Classics,44×44,44×45,ok,,
iphone13,kebab-land menu,input,switch,checkbox,Classics: shown. Tap to hide,51×31,51×45,ok,,
iphone13,kebab-land menu,button,,button,Add the first item,113×44,114×45,ok,,
iphone13,kebab-land menu,button,,button,Collapse Beer,44×44,44×45,ok,,
iphone13,kebab-land menu,button,,button,Beer1آبجوPersian draft,126×44,127×45,ok,,
iphone13,kebab-land menu,button,,button,Add item to Beer,67×44,67×45,ok,,
iphone13,kebab-land menu,button,,button,Section menu: Beer,44×44,44×45,ok,,
iphone13,kebab-land menu,input,switch,checkbox,Beer: shown. Tap to hide,51×31,51×45,ok,,
iphone13,kebab-land menu,button,,button,Edit Persian Draft Beer,208×65,161×65,ok,,
iphone13,kebab-land menu,button,,button,Price $10.99. Tap to change,72×44,72×45,ok,,
iphone13,kebab-land menu,input,switch,checkbox,Persian Draft Beer: shown. Tap to hide,51×31,52×45,ok,,
iphone13,kebab-land menu,button,,button,Collapse Sake,44×44,44×44,ok,,
iphone13,kebab-land menu,button,,button,Sake1ساکهPersian draft,126×44,127×44,ok,,
iphone13,kebab-land menu,button,,button,Add item to Sake,67×44,67×44,ok,,
iphone13,kebab-land menu,button,,button,Section menu: Sake,44×44,44×44,ok,,
iphone13,kebab-land menu,input,switch,checkbox,Sake: shown. Tap to hide,51×31,51×44,ok,,
iphone13,kebab-land menu,button,,button,Edit Sake,208×65,161×65,ok,,
iphone13,kebab-land menu,button,,button,Price $70. Tap to change,72×44,72×45,ok,,
iphone13,kebab-land menu,input,switch,checkbox,Sake: shown. Tap to hide,51×31,52×45,ok,,
iphone13,kebab-land menu,button,,button,Collapse Cocktails,44×44,44×45,ok,,
iphone13,kebab-land menu,button,,button,Cocktails21کوکتل‌هاPersian draft,126×44,127×45,ok,,
iphone13,kebab-land menu,button,,button,Add item to Cocktails,67×44,67×45,ok,,
iphone13,kebab-land menu,button,,button,Section menu: Cocktails,44×44,44×45,ok,,
iphone13,kebab-land menu,input,switch,checkbox,Cocktails: shown. Tap to hide,51×31,51×45,ok,,
iphone13,kebab-land menu,button,,button,Edit Classic Mojito,208×65,161×65,ok,,
iphone13,kebab-land menu,button,,button,Price $12. Tap to change,72×44,72×45,ok,,
iphone13,kebab-land menu,input,switch,checkbox,Classic Mojito: shown. Tap to hide,51×31,52×45,ok,,
iphone13,kebab-land menu,button,,button,Edit Rose Cesar,208×65,161×65,ok,,
iphone13,kebab-land menu,button,,button,Price $12. Tap to change,72×44,72×45,ok,,
iphone13,kebab-land menu,input,switch,checkbox,Rose Cesar: shown. Tap to hide,51×31,52×45,ok,,
iphone13,kebab-land menu,button,,button,Edit Red Wine Sangria,198×65,161×65,ok,,
iphone13,kebab-land menu,button,,button,Sizes: $15–$30. Tap to edit,82×44,83×45,ok,,
iphone13,kebab-land menu,input,switch,checkbox,Red Wine Sangria: shown. Tap to hide,51×31,52×45,ok,,
iphone13,kebab-land menu,button,,button,Edit Persian Dreams,208×65,161×65,ok,,
iphone13,kebab-land menu,button,,button,Price $12. Tap to change,72×44,72×45,ok,,
iphone13,kebab-land menu,input,switch,checkbox,Persian Dreams: shown. Tap to hide,51×31,52×45,ok,,
iphone13,kebab-land menu,button,,button,Edit Classic Mojito Virgin,208×65,161×65,ok,,
iphone13,kebab-land menu,button,,button,Price $8. Tap to change,72×44,72×45,ok,,
iphone13,kebab-land menu,input,switch,checkbox,Classic Mojito Virgin: shown. Tap to hide,51×31,52×45,ok,,
iphone13,kebab-land menu,button,,button,Edit Fresh Berry Mojito-Virgin,208×65,161×65,ok,,
iphone13,kebab-land menu,button,,button,Price $8. Tap to change,72×44,72×45,ok,,
iphone13,kebab-land menu,input,switch,checkbox,Fresh Berry Mojito-Virgin: shown. Tap to hide,51×31,52×45,ok,,
iphone13,kebab-land menu,button,,button,Edit Fresh Berry Mojito,208×65,161×65,ok,,
iphone13,kebab-land menu,button,,button,Price $12. Tap to change,72×44,72×45,ok,,
iphone13,kebab-land menu,input,switch,checkbox,Fresh Berry Mojito: shown. Tap to hide,51×31,52×45,ok,,
iphone13,kebab-land menu,button,,button,Edit Cucumber Gin Mojito,208×65,161×65,ok,,
iphone13,kebab-land menu,button,,button,Price $12. Tap to change,72×44,72×45,ok,,
iphone13,kebab-land menu,input,switch,checkbox,Cucumber Gin Mojito: shown. Tap to hide,51×31,52×45,ok,,
iphone13,kebab-land menu,button,,button,"Edit Strawberry, Basil Margarita",208×65,161×65,ok,,
iphone13,kebab-land menu,button,,button,Price $15. Tap to change,72×44,72×45,ok,,
iphone13,kebab-land menu,input,switch,checkbox,"Strawberry, Basil Margarita: shown. Tap to hide",51×31,52×45,ok,,
iphone13,kebab-land menu,button,,button,Edit Silk Rose Martini,208×65,161×65,ok,,
iphone13,kebab-land menu,button,,button,Price $15. Tap to change,72×44,72×45,ok,,
iphone13,kebab-land menu,input,switch,checkbox,Silk Rose Martini: shown. Tap to hide,51×31,52×45,ok,,
iphone13,kebab-land menu,button,,button,Edit Rose Water Martini,208×65,161×65,ok,,
iphone13,kebab-land menu,button,,button,Price $15. Tap to change,72×44,72×45,ok,,
iphone13,kebab-land menu,input,switch,checkbox,Rose Water Martini: shown. Tap to hide,51×31,52×45,ok,,
iphone13,kebab-land menu,button,,button,Edit Long Island Ice tea,208×65,161×65,ok,,
iphone13,kebab-land menu,button,,button,Price $14. Tap to change,72×44,72×45,ok,,
iphone13,kebab-land menu,input,switch,checkbox,Long Island Ice tea: shown. Tap to hide,51×31,52×45,ok,,
iphone13,kebab-land menu,button,,button,Edit Sex on the Beach,208×65,161×65,ok,,
iphone13,kebab-land menu,button,,button,Price $14. Tap to change,72×44,72×45,ok,,
iphone13,kebab-land menu,input,switch,checkbox,Sex on the Beach: shown. Tap to hide,51×31,52×45,ok,,
iphone13,kebab-land menu,button,,button,Edit Blue Lagoon,208×65,161×65,ok,,
iphone13,kebab-land menu,button,,button,Price $13. Tap to change,72×44,72×45,ok,,
iphone13,kebab-land menu,input,switch,checkbox,Blue Lagoon: shown. Tap to hide,51×31,52×45,ok,,
iphone13,kebab-land menu,button,,button,Edit Tequila Sunrise,208×65,161×65,ok,,
iphone13,kebab-land menu,button,,button,Price $12. Tap to change,72×44,72×45,ok,,
iphone13,kebab-land menu,input,switch,checkbox,Tequila Sunrise: shown. Tap to hide,51×31,52×45,ok,,
iphone13,kebab-land menu,button,,button,Edit Rose Cesar – Virgin,208×65,161×65,ok,,
iphone13,kebab-land menu,button,,button,Price $8. Tap to change,72×44,72×45,ok,,
iphone13,kebab-land menu,input,switch,checkbox,Rose Cesar – Virgin: shown. Tap to hide,51×31,52×45,ok,,
iphone13,kebab-land menu,button,,button,Edit Black Russian,208×65,161×65,ok,,
iphone13,kebab-land menu,button,,button,Price $11. Tap to change,72×44,72×45,ok,,
iphone13,kebab-land menu,input,switch,checkbox,Black Russian: shown. Tap to hide,51×31,52×45,ok,,
iphone13,kebab-land menu,button,,button,Edit Electric Margarita,208×65,161×65,ok,,
iphone13,kebab-land menu,button,,button,Price $15. Tap to change,72×44,72×45,ok,,
iphone13,kebab-land menu,input,switch,checkbox,Electric Margarita: shown. Tap to hide,51×31,52×45,ok,,
iphone13,kebab-land menu,button,,button,Edit Baileys Shot,208×65,161×65,ok,,
iphone13,kebab-land menu,button,,button,Price $9. Tap to change,72×44,72×45,ok,,
iphone13,kebab-land menu,input,switch,checkbox,Baileys Shot: shown. Tap to hide,51×31,52×45,ok,,
iphone13,kebab-land menu,button,,button,Edit Gin & Tonic,208×65,161×65,ok,,
iphone13,kebab-land menu,button,,button,Price $13. Tap to change,72×44,72×45,ok,,
iphone13,kebab-land menu,input,switch,checkbox,Gin & Tonic: shown. Tap to hide,51×31,52×45,ok,,
iphone13,kebab-land menu,button,,button,Edit Jägermeister,208×65,161×65,ok,,
iphone13,kebab-land menu,button,,button,Price $8. Tap to change,72×44,72×45,ok,,
iphone13,kebab-land menu,input,switch,checkbox,Jägermeister: shown. Tap to hide,51×31,52×45,ok,,
iphone13,kebab-land menu,button,,button,Collapse Vodka,44×44,44×44,ok,,
iphone13,kebab-land menu,button,,button,Vodka3ودکاPersian draft,126×44,127×44,ok,,
iphone13,kebab-land menu,button,,button,Add item to Vodka,67×44,67×44,ok,,
iphone13,kebab-land menu,button,,button,Section menu: Vodka,44×44,44×44,ok,,
iphone13,kebab-land menu,input,switch,checkbox,Vodka: shown. Tap to hide,51×31,51×44,ok,,
iphone13,kebab-land menu,button,,button,Edit Ketel One,198×87,161×87,ok,,
iphone13,kebab-land menu,button,,button,Sizes: $7–$120. Tap to edit,82×44,83×45,ok,,
iphone13,kebab-land menu,input,switch,checkbox,Ketel One: shown. Tap to hide,51×31,52×45,ok,,
iphone13,kebab-land menu,button,,button,Edit Grey Goose,198×87,161×87,ok,,
iphone13,kebab-land menu,button,,button,Sizes: $8–$150. Tap to edit,82×44,83×45,ok,,
iphone13,kebab-land menu,input,switch,checkbox,Grey Goose: shown. Tap to hide,51×31,52×45,ok,,
iphone13,kebab-land menu,button,,button,Edit Ciroc Peach,198×87,161×87,ok,,
iphone13,kebab-land menu,button,,button,Sizes: $9–$135. Tap to edit,82×44,83×45,ok,,
iphone13,kebab-land menu,input,switch,checkbox,Ciroc Peach: shown. Tap to hide,51×31,52×45,ok,,
iphone13,kebab-land menu,button,,button,Collapse Whiskey,44×44,44×44,ok,,
iphone13,kebab-land menu,button,,button,Whiskey4ویسکیPersian draft,126×44,127×44,ok,,
iphone13,kebab-land menu,button,,button,Add item to Whiskey,67×44,67×44,ok,,
iphone13,kebab-land menu,button,,button,Section menu: Whiskey,44×44,44×44,ok,,
iphone13,kebab-land menu,input,switch,checkbox,Whiskey: shown. Tap to hide,51×31,51×44,ok,,
iphone13,kebab-land menu,button,,button,Edit Crown Royal,198×87,161×87,ok,,
iphone13,kebab-land menu,button,,button,Sizes: $7–$120. Tap to edit,82×44,83×45,ok,,
iphone13,kebab-land menu,input,switch,checkbox,Crown Royal: shown. Tap to hide,51×31,52×45,ok,,
iphone13,kebab-land menu,button,,button,Edit Jameson,198×87,161×87,ok,,
iphone13,kebab-land menu,button,,button,Sizes: $8–$140. Tap to edit,82×44,83×45,ok,,
iphone13,kebab-land menu,input,switch,checkbox,Jameson: shown. Tap to hide,51×31,52×45,ok,,
iphone13,kebab-land menu,button,,button,Edit Black Label,198×87,161×87,ok,,
iphone13,kebab-land menu,button,,button,Sizes: $8–$150. Tap to edit,82×44,83×45,ok,,
iphone13,kebab-land menu,input,switch,checkbox,Black Label: shown. Tap to hide,51×31,52×45,ok,,
iphone13,kebab-land menu,button,,button,Edit Glenfiddich 12,188×87,161×87,ok,,
iphone13,kebab-land menu,button,,button,Sizes: $12–$150. Tap to edit,92×44,92×45,ok,,
iphone13,kebab-land menu,input,switch,checkbox,Glenfiddich 12: shown. Tap to hide,51×31,52×45,ok,,
iphone13,kebab-land menu,button,,button,Collapse Wine Bottles,44×44,44×44,ok,,
iphone13,kebab-land menu,button,,button,Wine Bottles7بطری شرابPersian draft,126×44,127×44,ok,,
iphone13,kebab-land menu,button,,button,Add item to Wine Bottles,67×44,67×44,ok,,
iphone13,kebab-land menu,button,,button,Section menu: Wine Bottles,44×44,44×44,ok,,
iphone13,kebab-land menu,input,switch,checkbox,Wine Bottles: shown. Tap to hide,51×31,51×44,ok,,
iphone13,kebab-land menu,button,,button,Edit Merlot (France),208×65,161×65,ok,,
iphone13,kebab-land menu,button,,button,Price $40. Tap to change,72×44,72×45,ok,,
iphone13,kebab-land menu,input,switch,checkbox,Merlot (France): shown. Tap to hide,51×31,52×45,ok,,
iphone13,kebab-land menu,button,,button,Edit Shiraz (Australia),208×65,161×65,ok,,
iphone13,kebab-land menu,button,,button,Price $45. Tap to change,72×44,72×45,ok,,
iphone13,kebab-land menu,input,switch,checkbox,Shiraz (Australia): shown. Tap to hide,51×31,52×45,ok,,
iphone13,kebab-land menu,button,,button,Edit Cabernet,208×65,161×65,ok,,
iphone13,kebab-land menu,button,,button,Price $50. Tap to change,72×44,72×45,ok,,
iphone13,kebab-land menu,input,switch,checkbox,Cabernet: shown. Tap to hide,51×31,52×45,ok,,
iphone13,kebab-land menu,button,,button,Edit Venato (Italy),208×65,161×65,ok,,
iphone13,kebab-land menu,button,,button,Price $100. Tap to change,72×44,72×45,ok,,
iphone13,kebab-land menu,input,switch,checkbox,Venato (Italy): shown. Tap to hide,51×31,52×45,ok,,
iphone13,kebab-land menu,button,,button,Edit Borsao (Spain),208×65,161×65,ok,,
iphone13,kebab-land menu,button,,button,Price $100. Tap to change,72×44,72×45,ok,,
iphone13,kebab-land menu,input,switch,checkbox,Borsao (Spain): shown. Tap to hide,51×31,52×45,ok,,
iphone13,kebab-land menu,button,,button,Edit Bordeaux (France),208×65,161×65,ok,,
iphone13,kebab-land menu,button,,button,Price $120. Tap to change,72×44,72×45,ok,,
iphone13,kebab-land menu,input,switch,checkbox,Bordeaux (France): shown. Tap to hide,51×31,52×45,ok,,
iphone13,kebab-land menu,button,,button,Edit Pinot Noir (France),208×65,161×65,ok,,
iphone13,kebab-land menu,button,,button,Price $150. Tap to change,72×44,72×45,ok,,
iphone13,kebab-land menu,input,switch,checkbox,Pinot Noir (France): shown. Tap to hide,51×31,52×45,ok,,
iphone13,kebab-land menu,button,,button,Collapse Traditional Spirits,44×44,44×45,ok,,
iphone13,kebab-land menu,button,,button,Traditional Spirits2عرق‌های سنتیPersian draft,126×44,127×45,ok,,
iphone13,kebab-land menu,button,,button,Add item to Traditional Spirits,67×44,67×45,ok,,
iphone13,kebab-land menu,button,,button,Section menu: Traditional Spirits,44×44,44×45,ok,,
iphone13,kebab-land menu,input,switch,checkbox,Traditional Spirits: shown. Tap to hide,51×31,51×45,ok,,
iphone13,kebab-land menu,button,,button,Edit Raki,208×65,161×65,ok,,
iphone13,kebab-land menu,button,,button,Price $19.99. Tap to change,72×44,72×45,ok,,
iphone13,kebab-land menu,input,switch,checkbox,Raki: shown. Tap to hide,51×31,52×45,ok,,
iphone13,kebab-land menu,button,,button,Edit Aragh Sagi,208×65,161×65,ok,,
iphone13,kebab-land menu,button,,button,Price $9.99. Tap to change,72×44,72×45,ok,,
iphone13,kebab-land menu,input,switch,checkbox,Aragh Sagi: shown. Tap to hide,51×31,52×45,ok,,
iphone13,kebab-land menu,button,,button,Collapse Wine,44×44,44×45,ok,,
iphone13,kebab-land menu,button,,button,Wine8شرابPersian draft,126×44,127×45,ok,,
iphone13,kebab-land menu,button,,button,Add item to Wine,67×44,67×45,ok,,
iphone13,kebab-land menu,button,,button,Section menu: Wine,44×44,44×45,ok,,
iphone13,kebab-land menu,input,switch,checkbox,Wine: shown. Tap to hide,51×31,51×45,ok,,
iphone13,kebab-land menu,button,,button,Edit Pinot Grigio,207×65,161×65,ok,,
iphone13,kebab-land menu,button,,button,Sizes: $9–$13. Tap to edit,73×44,73×45,ok,,
iphone13,kebab-land menu,input,switch,checkbox,Pinot Grigio: shown. Tap to hide,51×31,52×45,ok,,
iphone13,kebab-land menu,button,,button,Edit Sauvignon Blanc,198×87,161×87,ok,,
iphone13,kebab-land menu,button,,button,Sizes: $10–$14. Tap to edit,82×44,83×45,ok,,
iphone13,kebab-land menu,input,switch,checkbox,Sauvignon Blanc: shown. Tap to hide,51×31,52×45,ok,,
iphone13,kebab-land menu,button,,button,Edit Chardonnay,198×87,161×87,ok,,
iphone13,kebab-land menu,button,,button,Sizes: $11–$16. Tap to edit,82×44,83×45,ok,,
iphone13,kebab-land menu,input,switch,checkbox,Chardonnay: shown. Tap to hide,51×31,52×45,ok,,
iphone13,kebab-land menu,button,,button,Edit Shiraz,198×87,161×87,ok,,
iphone13,kebab-land menu,button,,button,Sizes: $11–$16. Tap to edit,82×44,83×45,ok,,
iphone13,kebab-land menu,input,switch,checkbox,Shiraz: shown. Tap to hide,51×31,52×45,ok,,
iphone13,kebab-land menu,button,,button,Edit Cab Sauv,198×87,161×87,ok,,
iphone13,kebab-land menu,button,,button,Sizes: $12–$17. Tap to edit,82×44,83×45,ok,,
iphone13,kebab-land menu,input,switch,checkbox,Cab Sauv: shown. Tap to hide,51×31,52×45,ok,,
iphone13,kebab-land menu,button,,button,Edit Merlot,198×87,161×87,ok,,
iphone13,kebab-land menu,button,,button,Sizes: $11–$14. Tap to edit,82×44,83×45,ok,,
iphone13,kebab-land menu,input,switch,checkbox,Merlot: shown. Tap to hide,51×31,52×45,ok,,
iphone13,kebab-land menu,button,,button,Edit Rose,198×87,161×87,ok,,
iphone13,kebab-land menu,button,,button,Sizes: $12–$17. Tap to edit,82×44,83×45,ok,,
iphone13,kebab-land menu,input,switch,checkbox,Rose: shown. Tap to hide,51×31,52×45,ok,,
iphone13,kebab-land menu,button,,button,Edit Prosecco,235×65,161×65,ok,,
iphone13,kebab-land menu,button,,button,Sizes: $12. Tap to edit,45×44,45×45,ok,,
iphone13,kebab-land menu,input,switch,checkbox,Prosecco: shown. Tap to hide,51×31,52×45,ok,,
iphone13,kebab-land menu,button,,button,Add section,140×44,142×45,ok,,
iphone13,"kebab-land: item editor, an item with sizes",button,,button,DoneClose,81×44,82×44,ok,,
iphone13,"kebab-land: item editor, an item with sizes",input,,text,Name,358×46,161×70,ok,label,
iphone13,"kebab-land: item editor, an item with sizes",input,,text,Name (فارسی),358×46,161×70,ok,label,
iphone13,"kebab-land: item editor, an item with sizes",input,,file,Choose a photo,1×1,158×45,ok,label,
iphone13,"kebab-land: item editor, an item with sizes",button,,button,Remove,91×44,92×45,ok,,
iphone13,"kebab-land: item editor, an item with sizes",input,switch,checkbox,Shown. Tap to hide,51×31,161×58,ok,label,
iphone13,"kebab-land: item editor, an item with sizes",button,,button,More,358×48,161×49,ok,,
iphone13,"kebab-land: item editor, an item with sizes",textarea,,,Description,358×96,161×121,ok,label,
iphone13,"kebab-land: item editor, an item with sizes",textarea,,,Description (فارسی),358×96,161×121,ok,label,
iphone13,"kebab-land: item editor, an item with sizes",input,,text,Size 1,108×46,108×47,ok,,
iphone13,"kebab-land: item editor, an item with sizes",input,,text,Size 1 (Persian),108×46,108×47,ok,,
iphone13,"kebab-land: item editor, an item with sizes",input,,text,Size 1 price,88×46,88×47,ok,,
iphone13,"kebab-land: item editor, an item with sizes",button,,button,Remove size 13 oz,44×44,44×45,ok,,
iphone13,"kebab-land: item editor, an item with sizes",input,,text,Size 2,108×46,108×46,ok,,
iphone13,"kebab-land: item editor, an item with sizes",input,,text,Size 2 (Persian),108×46,108×47,ok,,
iphone13,"kebab-land: item editor, an item with sizes",input,,text,Size 2 price,88×46,88×47,ok,,
iphone13,"kebab-land: item editor, an item with sizes",button,,button,Remove size 26 oz,44×44,44×45,ok,,
iphone13,"kebab-land: item editor, an item with sizes",button,,button,Add size,114×44,115×45,ok,,
iphone13,"kebab-land: item editor, an item with sizes",input,,checkbox,Appetizers,22×22,161×45,ok,label,
iphone13,"kebab-land: item editor, an item with sizes",input,,checkbox,Main Menu,22×22,161×45,ok,label,
iphone13,"kebab-land: item editor, an item with sizes",input,,checkbox,Chef's Special,22×22,161×45,ok,label,
iphone13,"kebab-land: item editor, an item with sizes",input,,checkbox,Mixed Kebabs,22×22,161×45,ok,label,
iphone13,"kebab-land: item editor, an item with sizes",input,,checkbox,Platters,22×22,161×45,ok,label,
iphone13,"kebab-land: item editor, an item with sizes",input,,checkbox,Drinks,22×22,161×45,ok,label,
iphone13,"kebab-land: item editor, an item with sizes",input,,checkbox,Dessert,22×22,161×45,ok,label,
iphone13,"kebab-land: item editor, an item with sizes",input,,checkbox,Summer Sip,22×22,161×45,ok,label,
iphone13,"kebab-land: item editor, an item with sizes",input,,checkbox,Must Try,22×22,161×45,ok,label,
iphone13,"kebab-land: item editor, an item with sizes",input,,checkbox,Classics,22×22,161×45,ok,label,
iphone13,"kebab-land: item editor, an item with sizes",input,,checkbox,Beer,22×22,161×45,ok,label,
iphone13,"kebab-land: item editor, an item with sizes",input,,checkbox,Sake,22×22,161×45,ok,label,
iphone13,"kebab-land: item editor, an item with sizes",input,,checkbox,Cocktails,22×22,161×45,ok,label,
iphone13,"kebab-land: item editor, an item with sizes",input,,checkbox,Vodka,22×22,161×45,ok,label,
iphone13,"kebab-land: item editor, an item with sizes",input,,checkbox,Whiskey,22×22,161×45,ok,label,
iphone13,"kebab-land: item editor, an item with sizes",input,,checkbox,Wine Bottles,22×22,161×45,ok,label,
iphone13,"kebab-land: item editor, an item with sizes",input,,checkbox,Traditional Spirits,22×22,161×45,ok,label,
iphone13,"kebab-land: item editor, an item with sizes",input,,checkbox,Wine,22×22,161×45,ok,label,
iphone13,"kebab-land: item editor, an item with sizes",button,,button,Move up,116×44,117×45,ok,,
iphone13,"kebab-land: item editor, an item with sizes",button,,button,Move down,136×44,137×45,ok,,
iphone13,"kebab-land: item editor, an item with sizes",input,,text,Serves,358×46,161×71,ok,label,
iphone13,"kebab-land: item editor, an item with sizes",button,,button,Advanced,358×48,161×49,ok,,
iphone13,"kebab-land: item editor, an item with sizes",button,,button,Add a choice,145×44,146×45,ok,,
iphone13,"kebab-land: item editor, an item with sizes",button,,button,Add a part,127×44,128×45,ok,,
iphone13,"kebab-land: item editor, an item with sizes",input,,text,Allergens,358×46,161×91,ok,label,
iphone13,"kebab-land: item editor, an item with sizes",input,,text,Dietary,358×46,161×91,ok,label,
iphone13,"kebab-land: item editor, an item with sizes",input,,radio,Not set,22×22,116×45,ok,label,
iphone13,"kebab-land: item editor, an item with sizes",input,,radio,Yes,22×22,116×45,ok,label,
iphone13,"kebab-land: item editor, an item with sizes",input,,radio,No,22×22,116×45,ok,label,
iphone13,"kebab-land: item editor, an item with sizes",input,,text,Note,358×46,161×71,ok,label,
iphone13,"kebab-land: item editor, an item with sizes",input,,text,Note (فارسی),358×46,161×71,ok,label,
iphone13,"kebab-land: item editor, an item with sizes",button,,button,Delete this item,167×44,161×45,ok,,
iphone13,"kebab-land: item editor, an item with combo parts",button,,button,DoneClose,81×44,82×44,ok,,
iphone13,"kebab-land: item editor, an item with combo parts",input,,text,Name,358×46,161×70,ok,label,
iphone13,"kebab-land: item editor, an item with combo parts",input,,text,Name (فارسی),358×46,161×70,ok,label,
iphone13,"kebab-land: item editor, an item with combo parts",input,,text,Price,358×46,161×70,ok,label,
iphone13,"kebab-land: item editor, an item with combo parts",input,,file,Choose a photo,1×1,158×44,ok,label,
iphone13,"kebab-land: item editor, an item with combo parts",button,,button,Remove,91×44,92×44,ok,,
iphone13,"kebab-land: item editor, an item with combo parts",input,switch,checkbox,Shown. Tap to hide,51×31,161×57,ok,label,
iphone13,"kebab-land: item editor, an item with combo parts",button,,button,More,358×48,161×48,ok,,
iphone13,"kebab-land: item editor, an item with combo parts",textarea,,,Description,358×96,161×120,ok,label,
iphone13,"kebab-land: item editor, an item with combo parts",textarea,,,Description (فارسی),358×96,161×120,ok,label,
iphone13,"kebab-land: item editor, an item with combo parts",button,,button,Add size,114×44,115×44,ok,,
iphone13,"kebab-land: item editor, an item with combo parts",input,,checkbox,Appetizers,22×22,161×44,ok,label,
iphone13,"kebab-land: item editor, an item with combo parts",input,,checkbox,Main Menu,22×22,161×44,ok,label,
iphone13,"kebab-land: item editor, an item with combo parts",input,,checkbox,Chef's Special,22×22,161×44,ok,label,
iphone13,"kebab-land: item editor, an item with combo parts",input,,checkbox,Mixed Kebabs,22×22,161×44,ok,label,
iphone13,"kebab-land: item editor, an item with combo parts",input,,checkbox,Platters,22×22,161×44,ok,label,
iphone13,"kebab-land: item editor, an item with combo parts",input,,checkbox,Drinks,22×22,161×44,ok,label,
iphone13,"kebab-land: item editor, an item with combo parts",input,,checkbox,Dessert,22×22,161×44,ok,label,
iphone13,"kebab-land: item editor, an item with combo parts",input,,checkbox,Summer Sip,22×22,161×44,ok,label,
iphone13,"kebab-land: item editor, an item with combo parts",input,,checkbox,Must Try,22×22,161×44,ok,label,
iphone13,"kebab-land: item editor, an item with combo parts",input,,checkbox,Classics,22×22,161×44,ok,label,
iphone13,"kebab-land: item editor, an item with combo parts",input,,checkbox,Beer,22×22,161×44,ok,label,
iphone13,"kebab-land: item editor, an item with combo parts",input,,checkbox,Sake,22×22,161×44,ok,label,
iphone13,"kebab-land: item editor, an item with combo parts",input,,checkbox,Cocktails,22×22,161×44,ok,label,
iphone13,"kebab-land: item editor, an item with combo parts",input,,checkbox,Vodka,22×22,161×44,ok,label,
iphone13,"kebab-land: item editor, an item with combo parts",input,,checkbox,Whiskey,22×22,161×44,ok,label,
iphone13,"kebab-land: item editor, an item with combo parts",input,,checkbox,Wine Bottles,22×22,161×44,ok,label,
iphone13,"kebab-land: item editor, an item with combo parts",input,,checkbox,Traditional Spirits,22×22,161×44,ok,label,
iphone13,"kebab-land: item editor, an item with combo parts",input,,checkbox,Wine,22×22,161×44,ok,label,
iphone13,"kebab-land: item editor, an item with combo parts",button,,button,Move up,116×44,117×44,ok,,
iphone13,"kebab-land: item editor, an item with combo parts",button,,button,Move down,136×44,137×44,ok,,
iphone13,"kebab-land: item editor, an item with combo parts",input,,text,Serves,358×46,161×70,ok,label,
iphone13,"kebab-land: item editor, an item with combo parts",button,,button,Advanced,358×48,161×48,ok,,
iphone13,"kebab-land: item editor, an item with combo parts",button,,button,Add a choice,145×44,146×44,ok,,
iphone13,"kebab-land: item editor, an item with combo parts",input,,text,Part 1 quantity,56×46,56×46,ok,,
iphone13,"kebab-land: item editor, an item with combo parts",input,,text,Part 1,124×46,124×46,ok,,
iphone13,"kebab-land: item editor, an item with combo parts",input,,text,Part 1 (Persian),124×46,124×46,ok,,
iphone13,"kebab-land: item editor, an item with combo parts",button,,button,Remove part Darbari Kebab,44×44,44×44,ok,,
iphone13,"kebab-land: item editor, an item with combo parts",input,,text,Part 2 quantity,56×46,56×46,ok,,
iphone13,"kebab-land: item editor, an item with combo parts",input,,text,Part 2,124×46,124×46,ok,,
iphone13,"kebab-land: item editor, an item with combo parts",input,,text,Part 2 (Persian),124×46,124×46,ok,,
iphone13,"kebab-land: item editor, an item with combo parts",button,,button,Remove part Shekari Kebab,44×44,44×44,ok,,
iphone13,"kebab-land: item editor, an item with combo parts",input,,text,Part 3 quantity,56×46,56×46,ok,,
iphone13,"kebab-land: item editor, an item with combo parts",input,,text,Part 3,124×46,124×46,ok,,
iphone13,"kebab-land: item editor, an item with combo parts",input,,text,Part 3 (Persian),124×46,124×46,ok,,
iphone13,"kebab-land: item editor, an item with combo parts",button,,button,Remove part Chicken Leg Kebab,44×44,44×44,ok,,
iphone13,"kebab-land: item editor, an item with combo parts",input,,text,Part 4 quantity,56×46,56×46,ok,,
iphone13,"kebab-land: item editor, an item with combo parts",input,,text,Part 4,124×46,124×46,ok,,
iphone13,"kebab-land: item editor, an item with combo parts",input,,text,Part 4 (Persian),124×46,124×46,ok,,
iphone13,"kebab-land: item editor, an item with combo parts",button,,button,Remove part Chicken Breast Kebab,44×44,44×44,ok,,
iphone13,"kebab-land: item editor, an item with combo parts",input,,text,Part 5 quantity,56×46,56×46,ok,,
iphone13,"kebab-land: item editor, an item with combo parts",input,,text,Part 5,124×46,124×46,ok,,
iphone13,"kebab-land: item editor, an item with combo parts",input,,text,Part 5 (Persian),124×46,124×46,ok,,
iphone13,"kebab-land: item editor, an item with combo parts",button,,button,Remove part Rice serving,44×44,44×44,ok,,
iphone13,"kebab-land: item editor, an item with combo parts",button,,button,Add a part,127×44,128×44,ok,,
iphone13,"kebab-land: item editor, an item with combo parts",input,,text,Allergens,358×46,161×90,ok,label,
iphone13,"kebab-land: item editor, an item with combo parts",input,,text,Dietary,358×46,161×90,ok,label,
iphone13,"kebab-land: item editor, an item with combo parts",input,,radio,Not set,22×22,116×44,ok,label,
iphone13,"kebab-land: item editor, an item with combo parts",input,,radio,Yes,22×22,116×44,ok,label,
iphone13,"kebab-land: item editor, an item with combo parts",input,,radio,No,22×22,116×44,ok,label,
iphone13,"kebab-land: item editor, an item with combo parts",input,,text,Note,358×46,161×70,ok,label,
iphone13,"kebab-land: item editor, an item with combo parts",input,,text,Note (فارسی),358×46,161×70,ok,label,
iphone13,"kebab-land: item editor, an item with combo parts",button,,button,Delete this item,167×44,161×44,ok,,
iphone13,kebab-land: delete confirmation,button,,button,Close,390×664,161×161,ok,,
iphone13,kebab-land: delete confirmation,button,,button,Close,44×44,44×45,ok,,
iphone13,kebab-land: delete confirmation,button,,button,Delete,171×44,161×45,ok,,
iphone13,kebab-land: delete confirmation,button,,button,Cancel,171×44,161×45,ok,,
iphone13,style,a,,,Menu,67×36,69×44,ok,,
iphone13,style,a,,,Style,64×36,65×44,ok,,
iphone13,style,a,,,Details,77×36,78×44,ok,,
iphone13,style,button,,button,Controls: half. Tap to expand,390×20,161×44,ok,,
iphone13,style,button,,button,Welcome,81×36,81×44,ok,,
iphone13,style,button,,button,Menu,59×36,59×44,ok,,
iphone13,style,button,,button,Item popup,95×36,95×44,ok,,
iphone13,style,button,,button,Section list,94×36,94×44,ok,,
iphone13,style,button,,button,EN,44×36,44×44,ok,,
iphone13,style,button,,button,FA,44×36,45×44,ok,,
iphone13,style,button,,button,Replay the welcome animation,88×36,89×44,ok,,
iphone13,style,button,,button,Compare with the venue default: hold to see it,103×36,104×44,ok,,
iphone13,style,button,,button,Fall,45×36,46×44,ok,,
iphone13,style,button,,button,Winter,66×36,65×44,ok,,
iphone13,style,button,,button,Spring,65×36,66×44,ok,,
iphone13,style,button,,button,Summer,76×36,77×44,ok,,
iphone13,style,button,,button,Morning,76×36,76×44,ok,,
iphone13,style,button,,button,Afternoon,87×36,87×44,ok,,
iphone13,style,button,,button,Evening,73×36,74×44,ok,,
iphone13,style,button,,button,BackgroundHeader · #ffffff → #ededed,140×55,140×55,ok,,
iphone13,style,button,,button,Reset Background to auto,96×44,97×45,ok,,
iphone13,style,button,,button,Language buttonHeader · #f2f2f2 → #042c7c,140×55,140×55,ok,,
iphone13,style,button,,button,Reset Language button to auto,96×44,97×45,ok,,
iphone13,style,button,,button,Bar backgroundCategory tabs · #ffffff → #cc9434,140×55,140×55,ok,,
iphone13,style,button,,button,Reset Bar background to auto,96×44,97×45,ok,,
iphone13,style,button,,button,Tab textCategory tabs · #6b6b6b → #2e2e2e,140×55,140×55,ok,,
iphone13,style,button,,button,Reset Tab text to auto,96×44,97×45,ok,,
iphone13,style,button,,button,Active tab textCategory tabs · #1d1d1f → #050505,140×55,140×55,ok,,
iphone13,style,button,,button,Reset Active tab text to auto,96×44,97×45,ok,,
iphone13,style,button,,button,Section-list buttonCategory tabs · #1d1d1f → #333333,140×55,140×55,ok,,
iphone13,style,button,,button,Reset Section-list button to auto,96×44,97×45,ok,,
iphone13,style,button,,button,Section titleSection headings · #1d1d1f → #333333,140×55,140×55,ok,,
iphone13,style,button,,button,Reset Section title to auto,96×44,97×45,ok,,
iphone13,style,button,,button,DescriptionItem rows · #6b6b6b → #333333,140×55,140×55,ok,,
iphone13,style,button,,button,Reset Description to auto,96×44,97×45,ok,,
iphone13,style,button,,button,Discard this session’s changes,273×44,161×45,ok,,
iphone13,style,button,,button,Page: open,364×66,161×66,ok,,
iphone13,style,button,,button,Header: open,364×66,161×66,ok,,
iphone13,style,button,,button,Category tabs: open,364×66,161×66,ok,,
iphone13,style,button,,button,Section headings: open,364×66,161×66,ok,,
iphone13,style,button,,button,Item rows: open,364×66,161×66,ok,,
iphone13,style,button,,button,Item popup: open,364×66,161×66,ok,,
iphone13,style,button,,button,Footer: open,364×66,161×66,ok,,
iphone13,style,button,,button,Welcome: open,364×66,161×66,ok,,
iphone13,style,input,switch,checkbox,Photos in the list: on,51×31,161×58,ok,label,
iphone13,style,button,radio,button,List,70×44,70×44,ok,,
iphone13,style,button,radio,button,Grid,74×44,75×44,ok,,
iphone13,style,button,radio,button,List,70×44,70×44,ok,,
iphone13,style,button,radio,button,Grid,74×44,75×44,ok,,
iphone13,style,button,radio,button,List,70×44,70×44,ok,,
iphone13,style,button,radio,button,Grid,74×44,75×44,ok,,
iphone13,style,button,radio,button,List,70×44,70×44,ok,,
iphone13,style,button,radio,button,Grid,74×44,75×44,ok,,
iphone13,style,button,radio,button,List,70×44,70×44,ok,,
iphone13,style,button,radio,button,Grid,74×44,75×44,ok,,
iphone13,style,button,radio,button,List,70×44,70×44,ok,,
iphone13,style,button,radio,button,Grid,74×44,75×44,ok,,
iphone13,style,button,radio,button,List,70×44,70×44,ok,,
iphone13,style,button,radio,button,Grid,74×44,75×44,ok,,
iphone13,style,button,radio,button,List,70×44,70×44,ok,,
iphone13,style,button,radio,button,Grid,74×44,75×44,ok,,
iphone13,style,button,radio,button,List,70×44,70×44,ok,,
iphone13,style,button,radio,button,Grid,74×44,75×44,ok,,
iphone13,style,button,radio,button,List,70×44,70×44,ok,,
iphone13,style,button,radio,button,Grid,74×44,75×44,ok,,
iphone13,style,button,radio,button,List,70×44,70×44,ok,,
iphone13,style,button,radio,button,Grid,74×44,75×44,ok,,
iphone13,style,button,radio,button,List,70×44,70×44,ok,,
iphone13,style,button,radio,button,Grid,74×44,75×44,ok,,
iphone13,style,button,radio,button,List,70×44,70×44,ok,,
iphone13,style,button,radio,button,Grid,74×44,75×44,ok,,
iphone13,style,button,radio,button,List,70×44,70×44,ok,,
iphone13,style,button,radio,button,Grid,74×44,75×44,ok,,
iphone13,style,button,radio,button,List,70×44,70×44,ok,,
iphone13,style,button,radio,button,Grid,74×44,75×44,ok,,
iphone13,style,button,,button,Reset all colours,172×44,161×44,ok,,
iphone13,style: a colour open,button,,button,"Bar background: #cc9434, Custom",356×55,161×54,ok,,
iphone13,style: a colour open,button,,button,Auto,78×44,79×45,ok,,
iphone13,style: a colour open,button,,button,Bar background: Gold #cc9434,44×44,45×45,ok,,
iphone13,style: a colour open,button,,button,Bar background: Grey #747474,44×44,45×45,ok,,
iphone13,style: a colour open,button,,button,Bar background: Navy #042c7c,44×44,45×45,ok,,
iphone13,style: a colour open,button,,button,Bar background: Text #333333,44×44,45×45,ok,,
iphone13,style: a colour open,button,,button,Bar background: Muted #6b6b6b,44×44,45×45,ok,,
iphone13,style: a colour open,button,,button,Bar background: Site Link #cc3366,44×44,44×45,ok,,
iphone13,style: a colour open,button,,button,Bar background: Background #fff8ee,44×44,44×45,ok,,
iphone13,style: a colour open,input,,color,Bar background: custom colour,24×24,109×45,ok,label,
iphone13,style: a colour open,input,,text,Bar background: hex,332×44,161×45,ok,,
iphone13,style: a colour open,button,,button,Back to auto,144×44,145×45,ok,,
iphone13,style: a colour open,button,,button,"Tab text: #2e2e2e, Custom",356×55,161×55,ok,,
iphone13,style: a colour open,button,,button,"Active tab text: #050505, Custom",356×55,161×54,ok,,
iphone13,style: a colour open,button,,button,"Active tab underline: #1d1d1f, Auto · dark text for the tab ",356×55,161×55,ok,,
iphone13,style: a colour open,button,,button,"Section-list button: #333333, Custom",356×55,161×54,ok,,
iphone13,style: a colour open,button,,button,"Hairline under the bar: #b8852f, Auto · a hairline on the ta",356×55,161×55,ok,,
iphone13,style: a colour open,button,,button,Reset group to venue default,260×44,161×44,ok,,
iphone13,style: Welcome group open,input,switch,checkbox,Welcome screen: on,51×31,161×127,ok,label,
iphone13,style: Welcome group open,button,,button,"Background: #fff8ee, Venue default",356×55,161×54,ok,,
iphone13,style: Welcome group open,button,,button,Background: Gold #cc9434,44×44,44×45,ok,,
iphone13,style: Welcome group open,button,,button,Background: Grey #747474,44×44,44×45,ok,,
iphone13,style: Welcome group open,button,,button,Background: Navy #042c7c,44×44,44×45,ok,,
iphone13,style: Welcome group open,button,,button,Background: Text #333333,44×44,44×45,ok,,
iphone13,style: Welcome group open,button,,button,Background: Muted #6b6b6b,44×44,44×45,ok,,
iphone13,style: Welcome group open,button,,button,Background: Site Link #cc3366,44×44,44×45,ok,,
iphone13,style: Welcome group open,button,,button,Background: Background #fff8ee,44×44,44×45,ok,,
iphone13,style: Welcome group open,input,,color,Background: custom colour,24×24,109×45,ok,label,
iphone13,style: Welcome group open,input,,text,Background: hex,332×44,161×45,ok,,
iphone13,style: Welcome group open,button,,button,"Greeting: #1d1d1f, Auto · dark text for a light background",356×55,161×55,ok,,
iphone13,style: Welcome group open,button,,button,"Language buttons: #f2ece2, Auto · a soft tint of the welcome",356×55,161×54,ok,,
iphone13,style: Welcome group open,button,,button,"Language button text: #1d1d1f, Auto · dark text for the lang",356×55,161×55,ok,,
iphone13,style: Welcome group open,button,,button,"Remembered language button: #042c7c, Venue default",356×55,161×54,ok,,
iphone13,style: Welcome group open,button,,button,"Remembered language button text: #ffffff, Auto · light text ",356×77,161×77,ok,,
iphone13,style: Welcome group open,button,,button,"Winter snow: #b2becc, Auto · pale blue snow for a light back",356×55,161×55,ok,,
iphone13,style: Welcome group open,button,,button,"Spring blossoms: #cc3366, Venue default",356×55,161×54,ok,,
iphone13,style: Welcome group open,button,,button,"Summer light: #cc9434, Venue default",356×55,161×55,ok,,
iphone13,style: Welcome group open,button,,button,Reset group to venue default,260×44,161×44,ok,,
iphone13,details,summary,,,Switch venue,195×44,161×45,ok,,
iphone13,details,a,,,Team,81×44,82×45,ok,,
iphone13,details,summary,,,Account,66×44,66×45,ok,,
iphone13,details,a,,,Menu,67×36,69×44,ok,,
iphone13,details,a,,,Style,64×36,65×44,ok,,
iphone13,details,a,,,Details,77×36,78×44,ok,,
iphone13,details,button,,button,Preview,101×44,101×44,ok,,
iphone13,details,input,,text,Name,332×46,161×71,ok,label,
iphone13,details,input,,text,Name (فارسی),332×46,161×71,ok,label,
iphone13,details,input,,text,Tagline,332×46,161×71,ok,label,
iphone13,details,input,,text,Tagline (فارسی),332×46,161×71,ok,label,
iphone13,details,a,,,/senso,38×15,,exempt,,
iphone13,details,input,,file,Choose a logo file,1×1,125×44,ok,label,
iphone13,details,button,,button,Remove,91×44,91×44,ok,,
iphone13,details,input,,text,Label,306×46,161×71,ok,label,
iphone13,details,input,,text,Label (فارسی),306×46,161×71,ok,label,
iphone13,details,input,,text,Address,306×46,161×71,ok,label,
iphone13,details,input,,text,Phone,306×46,161×71,ok,label,
iphone13,details,input,,text,Hours,306×46,161×71,ok,label,
iphone13,details,input,,text,Hours (فارسی),306×46,161×71,ok,label,
iphone13,details,button,,button,Remove location,108×44,108×45,ok,,
iphone13,details,button,,button,Add location,145×44,145×45,ok,,
iphone13,details,input,switch,checkbox,Persian drafts: shown,51×31,161×138,ok,label,
iphone13,team,summary,,,Switch venue,142×44,143×45,ok,,
iphone13,team,a,,,Team,81×44,82×45,ok,,
iphone13,team,summary,,,Account,66×44,66×45,ok,,
iphone13,team,input,,,Person,324×46,161×75,ok,label,
iphone13,team,input,,radio,"StaffMenu, prices, photos, sections, shown or hidden",22×22,161×73,ok,label,
iphone13,team,input,,radio,"OwnerAlso allergen, dietary and halal notes, Team, Style and",22×22,161×74,ok,label,
iphone13,team,input,,checkbox,Roses Kebab Land,22×22,161×51,ok,label,
iphone13,team,input,,checkbox,Senso Café & Bites,22×22,161×51,ok,label,
iphone13,team,button,,submit,Create PIN,324×44,161×45,ok,,
iphone13,+ add venue,summary,,,Switch venue,142×44,143×45,ok,,
iphone13,+ add venue,a,,,Team,81×44,82×45,ok,,
iphone13,+ add venue,summary,,,Account,66×44,66×45,ok,,
iphone13,+ add venue,input,,,Venue name,316×46,161×71,ok,label,
iphone13,+ add venue,input,,,Venue name in Persian,316×46,161×71,ok,label,
iphone13,+ add venue,button,,submit,Create venue,316×44,161×45,ok,,
se,sign-in: venue picker,input,,radio,Roses Kebab Land,22×22,161×57,ok,label,
se,sign-in: venue picker,input,,radio,Senso Café & Bites,22×22,161×57,ok,label,
se,sign-in: venue picker,input,,password,PIN,301×54,161×82,ok,label,
se,sign-in: venue picker,button,,submit,Sign in,301×50,161×50,ok,,
se,sign-in: venue picker,a,,,Admin with email and password instead,273×44,161×44,ok,,
se,sign-in: PIN,input,,password,PIN,301×54,161×82,ok,label,
se,sign-in: PIN,button,,submit,Sign in,301×50,161×50,ok,,
se,sign-in: PIN,a,,,Admin with email and password instead,273×44,161×44,ok,,
se,sign-in: PIN,a,,,Other venue,95×44,95×44,ok,,
se,sign-in: email and password,input,,email,Email,301×46,161×75,ok,label,
se,sign-in: email and password,input,,password,Password,301×46,161×74,ok,label,
se,sign-in: email and password,button,,submit,Sign in,301×50,161×50,ok,,
se,sign-in: email and password,a,,,Sign in with a PIN instead,181×44,161×44,ok,,
se,menu,summary,,,Switch venue,180×44,161×45,ok,,
se,menu,a,,,Team,81×44,82×45,ok,,
se,menu,summary,,,Account,66×44,66×45,ok,,
se,menu,a,,,Menu,67×36,69×44,ok,,
se,menu,a,,,Style,64×36,65×44,ok,,
se,menu,a,,,Details,77×36,78×44,ok,,
se,menu,button,,button,Preview,101×44,101×44,ok,,
se,menu,button,,button,138 need a price,125×44,126×44,ok,,
se,menu,button,,button,138 missing Persian,146×44,146×44,ok,,
se,menu,button,,button,151 without a photo,143×44,144×44,ok,,
se,menu,input,,search,Search items,169×44,161×44,ok,,
se,menu,select,,,Jump to section,174×44,161×44,ok,,
se,menu,button,,button,Collapse Senso Signature,44×44,44×44,ok,,
se,menu,button,,button,Senso Signature13ویژه سنسو,111×44,112×44,ok,,
se,menu,button,,button,Add item to Senso Signature,67×44,67×44,ok,,
se,menu,button,,button,Section menu: Senso Signature,44×44,44×44,ok,,
se,menu,input,switch,checkbox,Senso Signature: shown. Tap to hide,51×31,51×44,ok,,
se,menu,button,,button,Edit Pumpkin Sundae,193×56,161×56,ok,,
se,menu,button,,button,Price $16.49. Tap to change,72×44,72×44,ok,,
se,menu,input,switch,checkbox,Pumpkin Sundae: shown. Tap to hide,51×31,52×44,ok,,
se,menu,button,,button,Edit Carrot Juice with Ice cream,193×56,161×56,ok,,
se,menu,button,,button,Price $12.99. Tap to change,72×44,72×44,ok,,
se,menu,input,switch,checkbox,Carrot Juice with Ice cream: shown. Tap to hide,51×31,52×44,ok,,
se,menu,button,,button,Edit Ice cream & Falooda,193×56,161×56,ok,,
se,menu,button,,button,Price $11.99. Tap to change,72×44,72×44,ok,,
se,menu,input,switch,checkbox,Ice cream & Falooda: shown. Tap to hide,51×31,52×44,ok,,
se,menu,button,,button,Edit Banana & Pistachio Milk,193×56,161×56,ok,,
se,menu,button,,button,Price $15.49. Tap to change,72×44,72×44,ok,,
se,menu,input,switch,checkbox,Banana & Pistachio Milk: shown. Tap to hide,51×31,52×44,ok,,
se,menu,button,,button,Edit Pomegranate majoun,193×56,161×56,ok,,
se,menu,button,,button,Price $19.99. Tap to change,72×44,72×44,ok,,
se,menu,input,switch,checkbox,Pomegranate majoun: shown. Tap to hide,51×31,52×44,ok,,
se,menu,button,,button,Edit Majoun,193×56,161×56,ok,,
se,menu,button,,button,Price $21.99. Tap to change,72×44,72×44,ok,,
se,menu,input,switch,checkbox,Majoun: shown. Tap to hide,51×31,52×44,ok,,
se,menu,button,,button,Edit Regular Majoun,181×94,161×94,ok,,
se,menu,button,,button,No price. Tap to add one,84×44,85×45,ok,,
se,menu,input,switch,checkbox,Regular Majoun: hidden. Tap to show,51×31,52×45,ok,,
se,menu,button,,button,Edit Bowl Majoun,181×94,161×94,ok,,
se,menu,button,,button,No price. Tap to add one,84×44,85×45,ok,,
se,menu,input,switch,checkbox,Bowl Majoun: hidden. Tap to show,51×31,52×45,ok,,
se,menu,button,,button,Edit Pistachio Milk,181×94,161×94,ok,,
se,menu,button,,button,No price. Tap to add one,84×44,85×45,ok,,
se,menu,input,switch,checkbox,Pistachio Milk: hidden. Tap to show,51×31,52×45,ok,,
se,menu,button,,button,Edit Banana Milk,181×94,161×94,ok,,
se,menu,button,,button,No price. Tap to add one,84×44,85×45,ok,,
se,menu,input,switch,checkbox,Banana Milk: hidden. Tap to show,51×31,52×45,ok,,
se,menu,button,,button,Edit Summer Breeze,181×94,161×94,ok,,
se,menu,button,,button,No price. Tap to add one,84×44,85×45,ok,,
se,menu,input,switch,checkbox,Summer Breeze: hidden. Tap to show,51×31,52×45,ok,,
se,menu,button,,button,Edit Red Berry Mojito,181×94,161×94,ok,,
se,menu,button,,button,No price. Tap to add one,84×44,85×45,ok,,
se,menu,input,switch,checkbox,Red Berry Mojito: hidden. Tap to show,51×31,52×45,ok,,
se,menu,button,,button,Edit Majoun Bowl,181×71,161×71,ok,,
se,menu,button,,button,No price. Tap to add one,84×44,85×45,ok,,
se,menu,input,switch,checkbox,Majoun Bowl: hidden. Tap to show,51×31,52×45,ok,,
se,menu,button,,button,Collapse Hot Beverage,44×44,44×44,ok,,
se,menu,button,,button,Hot Beverage19نوشیدنی گرم,111×44,112×44,ok,,
se,menu,button,,button,Add item to Hot Beverage,67×44,67×44,ok,,
se,menu,button,,button,Section menu: Hot Beverage,44×44,44×44,ok,,
se,menu,input,switch,checkbox,Hot Beverage: shown. Tap to hide,51×31,51×44,ok,,
se,menu,button,,button,Edit Turkish Coffee,193×56,161×56,ok,,
se,menu,button,,button,Price $6.59. Tap to change,72×44,72×44,ok,,
se,menu,input,switch,checkbox,Turkish Coffee: shown. Tap to hide,51×31,52×44,ok,,
se,menu,button,,button,Edit Brewing Coffee Large,193×56,161×56,ok,,
se,menu,button,,button,Price $3.99. Tap to change,72×44,72×44,ok,,
se,menu,input,switch,checkbox,Brewing Coffee Large: shown. Tap to hide,51×31,52×44,ok,,
se,menu,button,,button,Edit Brewing Coffee Medium,193×56,161×56,ok,,
se,menu,button,,button,Price $2.99. Tap to change,72×44,72×44,ok,,
se,menu,input,switch,checkbox,Brewing Coffee Medium: shown. Tap to hide,51×31,52×44,ok,,
se,menu,button,,button,Edit Espresso (Double),193×56,161×56,ok,,
se,menu,button,,button,Price $5.99. Tap to change,72×44,72×44,ok,,
se,menu,input,switch,checkbox,Espresso (Double): shown. Tap to hide,51×31,52×44,ok,,
se,menu,button,,button,Edit Espresso (Single),193×56,161×56,ok,,
se,menu,button,,button,Price $4.49. Tap to change,72×44,72×44,ok,,
se,menu,input,switch,checkbox,Espresso (Single): shown. Tap to hide,51×31,52×44,ok,,
se,menu,button,,button,Edit Americano,193×56,161×56,ok,,
se,menu,button,,button,Price $5.99. Tap to change,72×44,72×44,ok,,
se,menu,input,switch,checkbox,Americano: shown. Tap to hide,51×31,52×44,ok,,
se,menu,button,,button,Edit Latte,193×56,161×56,ok,,
se,menu,button,,button,Price $7.49. Tap to change,72×44,72×44,ok,,
se,menu,input,switch,checkbox,Latte: shown. Tap to hide,51×31,52×44,ok,,
se,menu,button,,button,Edit Vanilla Latte,193×56,161×56,ok,,
se,menu,button,,button,Price $7.99. Tap to change,72×44,72×44,ok,,
se,menu,input,switch,checkbox,Vanilla Latte: shown. Tap to hide,51×31,52×44,ok,,
se,menu,button,,button,Edit Organic Beet Latte,193×56,161×56,ok,,
se,menu,button,,button,Price $7.99. Tap to change,72×44,72×44,ok,,
se,menu,input,switch,checkbox,Organic Beet Latte: shown. Tap to hide,51×31,52×44,ok,,
se,menu,button,,button,Edit Hazelnut Latte,193×56,161×56,ok,,
se,menu,button,,button,Price $7.99. Tap to change,72×44,72×44,ok,,
se,menu,input,switch,checkbox,Hazelnut Latte: shown. Tap to hide,51×31,52×44,ok,,
se,menu,button,,button,Edit Cappuccino,193×56,161×56,ok,,
se,menu,button,,button,Price $6.99. Tap to change,72×44,72×44,ok,,
se,menu,input,switch,checkbox,Cappuccino: shown. Tap to hide,51×31,52×44,ok,,
se,menu,button,,button,Edit Mocha,193×56,161×56,ok,,
se,menu,button,,button,Price $7.99. Tap to change,72×44,72×44,ok,,
se,menu,input,switch,checkbox,Mocha: shown. Tap to hide,51×31,52×44,ok,,
se,menu,button,,button,Edit Caramel Macchiato,193×56,161×56,ok,,
se,menu,button,,button,Price $7.99. Tap to change,72×44,72×44,ok,,
se,menu,input,switch,checkbox,Caramel Macchiato: shown. Tap to hide,51×31,52×44,ok,,
se,menu,button,,button,Edit Affogato,193×56,161×56,ok,,
se,menu,button,,button,Price $9.99. Tap to change,72×44,72×44,ok,,
se,menu,input,switch,checkbox,Affogato: shown. Tap to hide,51×31,52×44,ok,,
se,menu,button,,button,Edit Hot chocolate,193×56,161×56,ok,,
se,menu,button,,button,Price $6.99. Tap to change,72×44,72×44,ok,,
se,menu,input,switch,checkbox,Hot chocolate: shown. Tap to hide,51×31,52×44,ok,,
se,menu,button,,button,Edit Matcha Latte,193×56,161×56,ok,,
se,menu,button,,button,Price $7.99. Tap to change,72×44,72×44,ok,,
se,menu,input,switch,checkbox,Matcha Latte: shown. Tap to hide,51×31,52×44,ok,,
se,menu,button,,button,Edit Brewing Coffee,181×94,161×94,ok,,
se,menu,button,,button,No price. Tap to add one,84×44,85×45,ok,,
se,menu,input,switch,checkbox,Brewing Coffee: hidden. Tap to show,51×31,52×45,ok,,
se,menu,button,,button,Edit Espresso,181×94,161×94,ok,,
se,menu,button,,button,No price. Tap to add one,84×44,85×45,ok,,
se,menu,input,switch,checkbox,Espresso: hidden. Tap to show,51×31,52×45,ok,,
se,menu,button,,button,Edit Pumpkin Spice Latte,181×94,161×94,ok,,
se,menu,button,,button,No price. Tap to add one,84×44,85×45,ok,,
se,menu,input,switch,checkbox,Pumpkin Spice Latte: hidden. Tap to show,51×31,52×45,ok,,
se,menu,button,,button,Collapse Tea & Herbal Tea,44×44,44×45,ok,,
se,menu,button,,button,Tea & Herbal Tea15چاى و دمنوش,111×44,112×45,ok,,
se,menu,button,,button,Add item to Tea & Herbal Tea,67×44,67×45,ok,,
se,menu,button,,button,Section menu: Tea & Herbal Tea,44×44,44×45,ok,,
se,menu,input,switch,checkbox,Tea & Herbal Tea: shown. Tap to hide,51×31,51×45,ok,,
se,menu,button,,button,Edit Tea,193×56,161×57,ok,,
se,menu,button,,button,Price $2.29. Tap to change,72×44,72×45,ok,,
se,menu,input,switch,checkbox,Tea: shown. Tap to hide,51×31,52×45,ok,,
se,menu,button,,button,Edit Large Tea,193×56,161×57,ok,,
se,menu,button,,button,Price $3.99. Tap to change,72×44,72×45,ok,,
se,menu,input,switch,checkbox,Large Tea: shown. Tap to hide,51×31,52×45,ok,,
se,menu,button,,button,Edit Borage with lime,193×65,161×65,ok,,
se,menu,button,,button,Price $7.49. Tap to change,72×44,72×45,ok,,
se,menu,input,switch,checkbox,Borage with lime: shown. Tap to hide,51×31,52×45,ok,,
se,menu,button,,button,Edit Allergy Herbal Tea,193×56,161×56,ok,,
se,menu,button,,button,Price $7.49. Tap to change,72×44,72×44,ok,,
se,menu,input,switch,checkbox,Allergy Herbal Tea: shown. Tap to hide,51×31,52×44,ok,,
se,menu,button,,button,Edit Apple & Cinnamon Herbal Tea,193×65,161×65,ok,,
se,menu,button,,button,Price $7.99. Tap to change,72×44,72×45,ok,,
se,menu,input,switch,checkbox,Apple & Cinnamon Herbal Tea: shown. Tap to hide,51×31,52×45,ok,,
se,menu,button,,button,Edit Del Roba,193×56,161×57,ok,,
se,menu,button,,button,Price $7.49. Tap to change,72×44,72×45,ok,,
se,menu,input,switch,checkbox,Del Roba: shown. Tap to hide,51×31,52×45,ok,,
se,menu,button,,button,Edit Digestive Herbal Tea,193×56,161×57,ok,,
se,menu,button,,button,Price $7.49. Tap to change,72×44,72×45,ok,,
se,menu,input,switch,checkbox,Digestive Herbal Tea: shown. Tap to hide,51×31,52×45,ok,,
se,menu,button,,button,Edit Green tea,193×56,161×57,ok,,
se,menu,button,,button,Price $7.49. Tap to change,72×44,72×45,ok,,
se,menu,input,switch,checkbox,Green tea: shown. Tap to hide,51×31,52×45,ok,,
se,menu,button,,button,Edit Naz Bano Herbal Tea,193×56,161×57,ok,,
se,menu,button,,button,Price $7.49. Tap to change,72×44,72×45,ok,,
se,menu,input,switch,checkbox,Naz Bano Herbal Tea: shown. Tap to hide,51×31,52×45,ok,,
se,menu,button,,button,Edit Power Herbal Tea,193×56,161×57,ok,,
se,menu,button,,button,Price $7.49. Tap to change,72×44,72×45,ok,,
se,menu,input,switch,checkbox,Power Herbal Tea: shown. Tap to hide,51×31,52×45,ok,,
se,menu,button,,button,Edit Relaxing Herbal Tea,193×56,161×57,ok,,
se,menu,button,,button,Price $7.49. Tap to change,72×44,72×45,ok,,
se,menu,input,switch,checkbox,Relaxing Herbal Tea: shown. Tap to hide,51×31,52×45,ok,,
se,menu,button,,button,Edit Saffron Herbal Tea,193×56,161×57,ok,,
se,menu,button,,button,Price $7.99. Tap to change,72×44,72×45,ok,,
se,menu,input,switch,checkbox,Saffron Herbal Tea: shown. Tap to hide,51×31,52×45,ok,,
se,menu,button,,button,Edit Stressless Herbal Tea,193×56,161×57,ok,,
se,menu,button,,button,Price $7.49. Tap to change,72×44,72×45,ok,,
se,menu,input,switch,checkbox,Stressless Herbal Tea: shown. Tap to hide,51×31,52×45,ok,,
se,menu,button,,button,Edit Women's Life Herbal Tea,193×56,161×57,ok,,
se,menu,button,,button,Price $7.49. Tap to change,72×44,72×45,ok,,
se,menu,input,switch,checkbox,Women's Life Herbal Tea: shown. Tap to hide,51×31,52×45,ok,,
se,menu,button,,button,Edit Del Roba Herbal Tea,181×94,161×94,ok,,
se,menu,button,,button,No price. Tap to add one,84×44,85×45,ok,,
se,menu,input,switch,checkbox,Del Roba Herbal Tea: hidden. Tap to show,51×31,52×45,ok,,
se,menu,button,,button,Collapse Cold Beverage,44×44,44×44,ok,,
se,menu,button,,button,Cold Beverage10نوشیدنی سرد,111×44,112×44,ok,,
se,menu,button,,button,Add item to Cold Beverage,67×44,67×44,ok,,
se,menu,button,,button,Section menu: Cold Beverage,44×44,44×44,ok,,
se,menu,input,switch,checkbox,Cold Beverage: shown. Tap to hide,51×31,51×44,ok,,
se,menu,button,,button,Edit Ice pistachio latte,193×56,161×56,ok,,
se,menu,button,,button,Price $9.99. Tap to change,72×44,72×44,ok,,
se,menu,input,switch,checkbox,Ice pistachio latte: shown. Tap to hide,51×31,52×44,ok,,
se,menu,button,,button,Edit Ice saffron latte,193×56,161×56,ok,,
se,menu,button,,button,Price $9.99. Tap to change,72×44,72×44,ok,,
se,menu,input,switch,checkbox,Ice saffron latte: shown. Tap to hide,51×31,52×44,ok,,
se,menu,button,,button,Edit Iced Americano,193×56,161×56,ok,,
se,menu,button,,button,Price $5.99. Tap to change,72×44,72×44,ok,,
se,menu,input,switch,checkbox,Iced Americano: shown. Tap to hide,51×31,52×44,ok,,
se,menu,button,,button,Edit Iced Latte,193×56,161×56,ok,,
se,menu,button,,button,Price $7.49. Tap to change,72×44,72×44,ok,,
se,menu,input,switch,checkbox,Iced Latte: shown. Tap to hide,51×31,52×44,ok,,
se,menu,button,,button,Edit Iced Vanilla Latte,193×65,161×65,ok,,
se,menu,button,,button,Price $7.99. Tap to change,72×44,72×45,ok,,
se,menu,input,switch,checkbox,Iced Vanilla Latte: shown. Tap to hide,51×31,52×45,ok,,
se,menu,button,,button,Edit Iced Hazelnut Latte,193×65,161×65,ok,,
se,menu,button,,button,Price $7.99. Tap to change,72×44,72×45,ok,,
se,menu,input,switch,checkbox,Iced Hazelnut Latte: shown. Tap to hide,51×31,52×45,ok,,
se,menu,button,,button,Edit Iced Caramel Macchiato,193×65,161×65,ok,,
se,menu,button,,button,Price $7.99. Tap to change,72×44,72×45,ok,,
se,menu,input,switch,checkbox,Iced Caramel Macchiato: shown. Tap to hide,51×31,52×45,ok,,
se,menu,button,,button,Edit Iced Matcha Latte,193×56,161×57,ok,,
se,menu,button,,button,Price $7.99. Tap to change,72×44,72×45,ok,,
se,menu,input,switch,checkbox,Iced Matcha Latte: shown. Tap to hide,51×31,52×45,ok,,
se,menu,button,,button,Edit Pumpkin Latte,193×56,161×57,ok,,
se,menu,button,,button,Price $7.99. Tap to change,72×44,72×45,ok,,
se,menu,input,switch,checkbox,Pumpkin Latte: shown. Tap to hide,51×31,52×45,ok,,
se,menu,button,,button,Edit Iced Mocha,181×94,161×94,ok,,
se,menu,button,,button,No price. Tap to add one,84×44,85×45,ok,,
se,menu,input,switch,checkbox,Iced Mocha: hidden. Tap to show,51×31,52×45,ok,,
se,menu,button,,button,Collapse Fresh Juice,44×44,44×44,ok,,
se,menu,button,,button,Fresh Juice91آبمیوه طبیعی,111×44,112×44,ok,,
se,menu,button,,button,Add item to Fresh Juice,67×44,67×44,ok,,
se,menu,button,,button,Section menu: Fresh Juice,44×44,44×44,ok,,
se,menu,input,switch,checkbox,Fresh Juice: shown. Tap to hide,51×31,51×44,ok,,
se,menu,button,,button,Edit Green Mojito,193×56,161×56,ok,,
se,menu,button,,button,Price $9.99. Tap to change,72×44,72×44,ok,,
se,menu,input,switch,checkbox,Green Mojito: shown. Tap to hide,51×31,52×44,ok,,
se,menu,button,,button,Edit Cantaloupe,193×56,161×56,ok,,
se,menu,button,,button,Price $9.49. Tap to change,72×44,72×44,ok,,
se,menu,input,switch,checkbox,Cantaloupe: shown. Tap to hide,51×31,52×44,ok,,
se,menu,button,,button,Edit Orange,193×56,161×56,ok,,
se,menu,button,,button,Price $10.99. Tap to change,72×44,72×44,ok,,
se,menu,input,switch,checkbox,Orange: shown. Tap to hide,51×31,52×44,ok,,
se,menu,button,,button,Edit Mango,193×56,161×56,ok,,
se,menu,button,,button,Price $9.99. Tap to change,72×44,72×44,ok,,
se,menu,input,switch,checkbox,Mango: shown. Tap to hide,51×31,52×44,ok,,
se,menu,button,,button,Edit Watermelon,193×56,161×56,ok,,
se,menu,button,,button,Price $9.99. Tap to change,72×44,72×44,ok,,
se,menu,input,switch,checkbox,Watermelon: shown. Tap to hide,51×31,52×44,ok,,
se,menu,button,,button,Edit Cancer Killer,193×56,161×56,ok,,
se,menu,button,,button,Price $11.99. Tap to change,72×44,72×44,ok,,
se,menu,input,switch,checkbox,Cancer Killer: shown. Tap to hide,51×31,52×44,ok,,
se,menu,button,,button,Edit Carrot Juice,193×56,161×56,ok,,
se,menu,button,,button,Price $9.99. Tap to change,72×44,72×44,ok,,
se,menu,input,switch,checkbox,Carrot Juice: shown. Tap to hide,51×31,52×44,ok,,
se,menu,button,,button,Edit Celery Juice,193×56,161×56,ok,,
se,menu,button,,button,Price $9.49. Tap to change,72×44,72×44,ok,,
se,menu,input,switch,checkbox,Celery Juice: shown. Tap to hide,51×31,52×44,ok,,
se,menu,button,,button,Edit Strawberry Juice,181×94,161×94,ok,,
se,menu,button,,button,No price. Tap to add one,84×44,85×45,ok,,
se,menu,input,switch,checkbox,Strawberry Juice: hidden. Tap to show,51×31,52×45,ok,,
se,menu,button,,button,Edit Kiwi Juice,181×94,161×94,ok,,
se,menu,button,,button,No price. Tap to add one,84×44,85×45,ok,,
se,menu,input,switch,checkbox,Kiwi Juice: hidden. Tap to show,51×31,52×45,ok,,
se,menu,button,,button,Edit Apple Juice,181×94,161×94,ok,,
se,menu,button,,button,No price. Tap to add one,84×44,85×45,ok,,
se,menu,input,switch,checkbox,Apple Juice: hidden. Tap to show,51×31,52×45,ok,,
se,menu,button,,button,Edit Pineapple Juice,181×94,161×94,ok,,
se,menu,button,,button,No price. Tap to add one,84×44,85×45,ok,,
se,menu,input,switch,checkbox,Pineapple Juice: hidden. Tap to show,51×31,52×45,ok,,
se,menu,button,,button,Edit Pomegranate Juice,181×94,161×94,ok,,
se,menu,button,,button,No price. Tap to add one,84×44,85×45,ok,,
se,menu,input,switch,checkbox,Pomegranate Juice: hidden. Tap to show,51×31,52×45,ok,,
se,menu,button,,button,Edit Banana Milk & Ice Cream,181×94,161×94,ok,,
se,menu,button,,button,No price. Tap to add one,84×44,85×45,ok,,
se,menu,input,switch,checkbox,Banana Milk & Ice Cream: hidden. Tap to show,51×31,52×45,ok,,
se,menu,button,,button,Edit Banana & Honey Milk,181×94,161×94,ok,,
se,menu,button,,button,No price. Tap to add one,84×44,85×45,ok,,
se,menu,input,switch,checkbox,Banana & Honey Milk: hidden. Tap to show,51×31,52×45,ok,,
se,menu,button,,button,Edit Banana & Coconut Milk,181×94,161×94,ok,,
se,menu,button,,button,No price. Tap to add one,84×44,85×45,ok,,
se,menu,input,switch,checkbox,Banana & Coconut Milk: hidden. Tap to show,51×31,52×45,ok,,
se,menu,button,,button,Edit Banana & Carrot Milk,181×94,161×94,ok,,
se,menu,button,,button,No price. Tap to add one,84×44,85×45,ok,,
se,menu,input,switch,checkbox,Banana & Carrot Milk: hidden. Tap to show,51×31,52×45,ok,,
se,menu,button,,button,Edit Carrot Juice & Ice Cream,181×94,161×94,ok,,
se,menu,button,,button,No price. Tap to add one,84×44,85×45,ok,,
se,menu,input,switch,checkbox,Carrot Juice & Ice Cream: hidden. Tap to show,51×31,52×45,ok,,
se,menu,button,,button,Edit Carrot & Apple Juice,181×94,161×94,ok,,
se,menu,button,,button,No price. Tap to add one,84×44,85×45,ok,,
se,menu,input,switch,checkbox,Carrot & Apple Juice: hidden. Tap to show,51×31,52×45,ok,,
se,menu,button,,button,Edit Carrot Juice & Banana,181×94,161×94,ok,,
se,menu,button,,button,No price. Tap to add one,84×44,85×45,ok,,
se,menu,input,switch,checkbox,Carrot Juice & Banana: hidden. Tap to show,51×31,52×45,ok,,
se,menu,button,,button,Edit Carrot & Kiwi Juice,181×94,161×94,ok,,
se,menu,button,,button,No price. Tap to add one,84×44,85×45,ok,,
se,menu,input,switch,checkbox,Carrot & Kiwi Juice: hidden. Tap to show,51×31,52×45,ok,,
se,menu,button,,button,Edit Carrot & Celery Juice,181×94,161×94,ok,,
se,menu,button,,button,No price. Tap to add one,84×44,85×45,ok,,
se,menu,input,switch,checkbox,Carrot & Celery Juice: hidden. Tap to show,51×31,52×45,ok,,
se,menu,button,,button,Edit Strawberry & Aloe Vera Juice,181×94,161×94,ok,,
se,menu,button,,button,No price. Tap to add one,84×44,85×45,ok,,
se,menu,input,switch,checkbox,Strawberry & Aloe Vera Juice: hidden. Tap to show,51×31,52×45,ok,,
se,menu,button,,button,Edit Strawberry & Pineapple Juice,181×94,161×94,ok,,
se,menu,button,,button,No price. Tap to add one,84×44,85×45,ok,,
se,menu,input,switch,checkbox,Strawberry & Pineapple Juice: hidden. Tap to show,51×31,52×45,ok,,
se,menu,button,,button,Edit Strawberry Juice & Ice Cream,181×94,161×94,ok,,
se,menu,button,,button,No price. Tap to add one,84×44,85×45,ok,,
se,menu,input,switch,checkbox,Strawberry Juice & Ice Cream: hidden. Tap to show,51×31,52×45,ok,,
se,menu,button,,button,Edit Strawberry & Orange Juice,181×94,161×94,ok,,
se,menu,button,,button,No price. Tap to add one,84×44,85×45,ok,,
se,menu,input,switch,checkbox,Strawberry & Orange Juice: hidden. Tap to show,51×31,52×45,ok,,
se,menu,button,,button,Edit Strawberry & Peach Juice,181×94,161×94,ok,,
se,menu,button,,button,No price. Tap to add one,84×44,85×45,ok,,
se,menu,input,switch,checkbox,Strawberry & Peach Juice: hidden. Tap to show,51×31,52×45,ok,,
se,menu,button,,button,Edit Strawberry Milk,181×94,161×94,ok,,
se,menu,button,,button,No price. Tap to add one,84×44,85×45,ok,,
se,menu,input,switch,checkbox,Strawberry Milk: hidden. Tap to show,51×31,52×45,ok,,
se,menu,button,,button,Edit Strawberry & Ice Cream Milk,181×94,161×94,ok,,
se,menu,button,,button,No price. Tap to add one,84×44,85×45,ok,,
se,menu,input,switch,checkbox,Strawberry & Ice Cream Milk: hidden. Tap to show,51×31,52×45,ok,,
se,menu,button,,button,Edit Kiwi & Apple Juice,181×94,161×94,ok,,
se,menu,button,,button,No price. Tap to add one,84×44,85×45,ok,,
se,menu,input,switch,checkbox,Kiwi & Apple Juice: hidden. Tap to show,51×31,52×45,ok,,
se,menu,button,,button,Edit Kiwi & Grapefruit Juice,181×94,161×94,ok,,
se,menu,button,,button,No price. Tap to add one,84×44,85×45,ok,,
se,menu,input,switch,checkbox,Kiwi & Grapefruit Juice: hidden. Tap to show,51×31,52×45,ok,,
se,menu,button,,button,Edit Kiwi & Celery Juice,181×94,161×94,ok,,
se,menu,button,,button,No price. Tap to add one,84×44,85×45,ok,,
se,menu,input,switch,checkbox,Kiwi & Celery Juice: hidden. Tap to show,51×31,52×45,ok,,
se,menu,button,,button,Edit Kiwi & Pomegranate Juice,181×94,161×94,ok,,
se,menu,button,,button,No price. Tap to add one,84×44,85×45,ok,,
se,menu,input,switch,checkbox,Kiwi & Pomegranate Juice: hidden. Tap to show,51×31,52×45,ok,,
se,menu,button,,button,"Edit Kiwi, Apple & Sweet Lemon Juice",181×94,161×94,ok,,
se,menu,button,,button,No price. Tap to add one,84×44,85×45,ok,,
se,menu,input,switch,checkbox,"Kiwi, Apple & Sweet Lemon Juice: hidden. Tap to show",51×31,52×45,ok,,
se,menu,button,,button,Edit Kiwi & Orange Juice,181×94,161×94,ok,,
se,menu,button,,button,No price. Tap to add one,84×44,85×45,ok,,
se,menu,input,switch,checkbox,Kiwi & Orange Juice: hidden. Tap to show,51×31,52×45,ok,,
se,menu,button,,button,Edit Cantaloupe & Aloe Vera Juice,181×94,161×94,ok,,
se,menu,button,,button,No price. Tap to add one,84×44,85×45,ok,,
se,menu,input,switch,checkbox,Cantaloupe & Aloe Vera Juice: hidden. Tap to show,51×31,52×45,ok,,
se,menu,button,,button,Edit Cantaloupe & Pineapple Juice,181×94,161×94,ok,,
se,menu,button,,button,No price. Tap to add one,84×44,85×45,ok,,
se,menu,input,switch,checkbox,Cantaloupe & Pineapple Juice: hidden. Tap to show,51×31,52×45,ok,,
se,menu,button,,button,Edit Cantaloupe & Peach Juice,181×94,161×94,ok,,
se,menu,button,,button,No price. Tap to add one,84×44,85×45,ok,,
se,menu,input,switch,checkbox,Cantaloupe & Peach Juice: hidden. Tap to show,51×31,52×45,ok,,
se,menu,button,,button,Edit Cantaloupe & Watermelon Juice,181×94,161×94,ok,,
se,menu,button,,button,No price. Tap to add one,84×44,85×45,ok,,
se,menu,input,switch,checkbox,Cantaloupe & Watermelon Juice: hidden. Tap to show,51×31,52×45,ok,,
se,menu,button,,button,Edit Cantaloupe Milk,181×94,161×94,ok,,
se,menu,button,,button,No price. Tap to add one,84×44,85×45,ok,,
se,menu,input,switch,checkbox,Cantaloupe Milk: hidden. Tap to show,51×31,52×45,ok,,
se,menu,button,,button,Edit Cantaloupe Milk & Ice Cream,181×94,161×94,ok,,
se,menu,button,,button,No price. Tap to add one,84×44,85×45,ok,,
se,menu,input,switch,checkbox,Cantaloupe Milk & Ice Cream: hidden. Tap to show,51×31,52×45,ok,,
se,menu,button,,button,Edit Orange & Pomegranate Juice,181×94,161×94,ok,,
se,menu,button,,button,No price. Tap to add one,84×44,85×45,ok,,
se,menu,input,switch,checkbox,Orange & Pomegranate Juice: hidden. Tap to show,51×31,52×45,ok,,
se,menu,button,,button,Edit Orange Juice & Ice Cream,181×94,161×94,ok,,
se,menu,button,,button,No price. Tap to add one,84×44,85×45,ok,,
se,menu,input,switch,checkbox,Orange Juice & Ice Cream: hidden. Tap to show,51×31,52×45,ok,,
se,menu,button,,button,Edit Orange & Apple Juice,181×94,161×94,ok,,
se,menu,button,,button,No price. Tap to add one,84×44,85×45,ok,,
se,menu,input,switch,checkbox,Orange & Apple Juice: hidden. Tap to show,51×31,52×45,ok,,
se,menu,button,,button,Edit Orange & Sweet Lemon Juice,181×94,161×94,ok,,
se,menu,button,,button,No price. Tap to add one,84×44,85×45,ok,,
se,menu,input,switch,checkbox,Orange & Sweet Lemon Juice: hidden. Tap to show,51×31,52×45,ok,,
se,menu,button,,button,Edit Orange & Lime Juice,181×94,161×94,ok,,
se,menu,button,,button,No price. Tap to add one,84×44,85×45,ok,,
se,menu,input,switch,checkbox,Orange & Lime Juice: hidden. Tap to show,51×31,52×45,ok,,
se,menu,button,,button,Edit Orange & Banana Juice,181×94,161×94,ok,,
se,menu,button,,button,No price. Tap to add one,84×44,85×45,ok,,
se,menu,input,switch,checkbox,Orange & Banana Juice: hidden. Tap to show,51×31,52×45,ok,,
se,menu,button,,button,Edit Blackberry & Pineapple Juice,181×94,161×94,ok,,
se,menu,button,,button,No price. Tap to add one,84×44,85×45,ok,,
se,menu,input,switch,checkbox,Blackberry & Pineapple Juice: hidden. Tap to show,51×31,52×45,ok,,
se,menu,button,,button,Edit Blackberry Juice & Ice Cream,181×94,161×94,ok,,
se,menu,button,,button,No price. Tap to add one,84×44,85×45,ok,,
se,menu,input,switch,checkbox,Blackberry Juice & Ice Cream: hidden. Tap to show,51×31,52×45,ok,,
se,menu,button,,button,Edit Blackberry & Orange Juice,181×94,161×94,ok,,
se,menu,button,,button,No price. Tap to add one,84×44,85×45,ok,,
se,menu,input,switch,checkbox,Blackberry & Orange Juice: hidden. Tap to show,51×31,52×45,ok,,
se,menu,button,,button,Edit Blackberry & Strawberry Juice,181×94,161×94,ok,,
se,menu,button,,button,No price. Tap to add one,84×44,85×45,ok,,
se,menu,input,switch,checkbox,Blackberry & Strawberry Juice: hidden. Tap to show,51×31,52×45,ok,,
se,menu,button,,button,Edit Blackberry Milk,181×94,161×94,ok,,
se,menu,button,,button,No price. Tap to add one,84×44,85×45,ok,,
se,menu,input,switch,checkbox,Blackberry Milk: hidden. Tap to show,51×31,52×45,ok,,
se,menu,button,,button,Edit Blackberry Milk & Ice Cream,181×94,161×94,ok,,
se,menu,button,,button,No price. Tap to add one,84×44,85×45,ok,,
se,menu,input,switch,checkbox,Blackberry Milk & Ice Cream: hidden. Tap to show,51×31,52×45,ok,,
se,menu,button,,button,Edit Apple & Pineapple Juice,181×94,161×94,ok,,
se,menu,button,,button,No price. Tap to add one,84×44,85×45,ok,,
se,menu,input,switch,checkbox,Apple & Pineapple Juice: hidden. Tap to show,51×31,52×45,ok,,
se,menu,button,,button,Edit Apple Juice & Ice Cream,181×94,161×94,ok,,
se,menu,button,,button,No price. Tap to add one,84×44,85×45,ok,,
se,menu,input,switch,checkbox,Apple Juice & Ice Cream: hidden. Tap to show,51×31,52×45,ok,,
se,menu,button,,button,Edit Apple & Celery Juice,181×94,161×94,ok,,
se,menu,button,,button,No price. Tap to add one,84×44,85×45,ok,,
se,menu,input,switch,checkbox,Apple & Celery Juice: hidden. Tap to show,51×31,52×45,ok,,
se,menu,button,,button,Edit Apple & Lime Juice,181×94,161×94,ok,,
se,menu,button,,button,No price. Tap to add one,84×44,85×45,ok,,
se,menu,input,switch,checkbox,Apple & Lime Juice: hidden. Tap to show,51×31,52×45,ok,,
se,menu,button,,button,Edit Apple & Sour Orange Juice,181×94,161×94,ok,,
se,menu,button,,button,No price. Tap to add one,84×44,85×45,ok,,
se,menu,input,switch,checkbox,Apple & Sour Orange Juice: hidden. Tap to show,51×31,52×45,ok,,
se,menu,button,,button,Edit Apple & Banana Juice,181×94,161×94,ok,,
se,menu,button,,button,No price. Tap to add one,84×44,85×45,ok,,
se,menu,input,switch,checkbox,Apple & Banana Juice: hidden. Tap to show,51×31,52×45,ok,,
se,menu,button,,button,Edit Apple & Peach Juice,181×94,161×94,ok,,
se,menu,button,,button,No price. Tap to add one,84×44,85×45,ok,,
se,menu,input,switch,checkbox,Apple & Peach Juice: hidden. Tap to show,51×31,52×45,ok,,
se,menu,button,,button,Edit Mango & Pineapple Juice,181×94,161×94,ok,,
se,menu,button,,button,No price. Tap to add one,84×44,85×45,ok,,
se,menu,input,switch,checkbox,Mango & Pineapple Juice: hidden. Tap to show,51×31,52×45,ok,,
se,menu,button,,button,Edit Mango Juice & Ice Cream,181×94,161×94,ok,,
se,menu,button,,button,No price. Tap to add one,84×44,85×45,ok,,
se,menu,input,switch,checkbox,Mango Juice & Ice Cream: hidden. Tap to show,51×31,52×45,ok,,
se,menu,button,,button,Edit Mango & Orange Juice,181×94,161×94,ok,,
se,menu,button,,button,No price. Tap to add one,84×44,85×45,ok,,
se,menu,input,switch,checkbox,Mango & Orange Juice: hidden. Tap to show,51×31,52×45,ok,,
se,menu,button,,button,Edit Mango & Strawberry Juice,181×94,161×94,ok,,
se,menu,button,,button,No price. Tap to add one,84×44,85×45,ok,,
se,menu,input,switch,checkbox,Mango & Strawberry Juice: hidden. Tap to show,51×31,52×45,ok,,
se,menu,button,,button,Edit Mango & Apple Juice,181×94,161×94,ok,,
se,menu,button,,button,No price. Tap to add one,84×44,85×45,ok,,
se,menu,input,switch,checkbox,Mango & Apple Juice: hidden. Tap to show,51×31,52×45,ok,,
se,menu,button,,button,Edit Mango & Black Mulberry Juice,181×94,161×94,ok,,
se,menu,button,,button,No price. Tap to add one,84×44,85×45,ok,,
se,menu,input,switch,checkbox,Mango & Black Mulberry Juice: hidden. Tap to show,51×31,52×45,ok,,
se,menu,button,,button,Edit Mango & Peach Juice,181×94,161×94,ok,,
se,menu,button,,button,No price. Tap to add one,84×44,85×45,ok,,
se,menu,input,switch,checkbox,Mango & Peach Juice: hidden. Tap to show,51×31,52×45,ok,,
se,menu,button,,button,Edit Mango & Banana Milk,181×94,161×94,ok,,
se,menu,button,,button,No price. Tap to add one,84×44,85×45,ok,,
se,menu,input,switch,checkbox,Mango & Banana Milk: hidden. Tap to show,51×31,52×45,ok,,
se,menu,button,,button,Edit Pineapple Juice & Ice Cream,181×94,161×94,ok,,
se,menu,button,,button,No price. Tap to add one,84×44,85×45,ok,,
se,menu,input,switch,checkbox,Pineapple Juice & Ice Cream: hidden. Tap to show,51×31,52×45,ok,,
se,menu,button,,button,Edit Pineapple & Peach Juice,181×94,161×94,ok,,
se,menu,button,,button,No price. Tap to add one,84×44,85×45,ok,,
se,menu,input,switch,checkbox,Pineapple & Peach Juice: hidden. Tap to show,51×31,52×45,ok,,
se,menu,button,,button,Edit Pineapple & Orange Juice,181×94,161×94,ok,,
se,menu,button,,button,No price. Tap to add one,84×44,85×45,ok,,
se,menu,input,switch,checkbox,Pineapple & Orange Juice: hidden. Tap to show,51×31,52×45,ok,,
se,menu,button,,button,Edit Pineapple & Strawberry Juice,181×94,161×94,ok,,
se,menu,button,,button,No price. Tap to add one,84×44,85×45,ok,,
se,menu,input,switch,checkbox,Pineapple & Strawberry Juice: hidden. Tap to show,51×31,52×45,ok,,
se,menu,button,,button,"Edit Pineapple, Mango & Orange Juice",181×94,161×94,ok,,
se,menu,button,,button,No price. Tap to add one,84×44,85×45,ok,,
se,menu,input,switch,checkbox,"Pineapple, Mango & Orange Juice: hidden. Tap to show",51×31,52×45,ok,,
se,menu,button,,button,Edit Pineapple Milk & Ice Cream,181×94,161×94,ok,,
se,menu,button,,button,No price. Tap to add one,84×44,85×45,ok,,
se,menu,input,switch,checkbox,Pineapple Milk & Ice Cream: hidden. Tap to show,51×31,52×45,ok,,
se,menu,button,,button,Edit Pistachio & Mango Milk,181×94,161×94,ok,,
se,menu,button,,button,No price. Tap to add one,84×44,85×45,ok,,
se,menu,input,switch,checkbox,Pistachio & Mango Milk: hidden. Tap to show,51×31,52×45,ok,,
se,menu,button,,button,Edit Pistachio & Cream Milk,181×94,161×94,ok,,
se,menu,button,,button,No price. Tap to add one,84×44,85×45,ok,,
se,menu,input,switch,checkbox,Pistachio & Cream Milk: hidden. Tap to show,51×31,52×45,ok,,
se,menu,button,,button,Edit Pistachio & Banana Milk,181×94,161×94,ok,,
se,menu,button,,button,No price. Tap to add one,84×44,85×45,ok,,
se,menu,input,switch,checkbox,Pistachio & Banana Milk: hidden. Tap to show,51×31,52×45,ok,,
se,menu,button,,button,Edit Pistachio & Almond Milk,181×94,161×94,ok,,
se,menu,button,,button,No price. Tap to add one,84×44,85×45,ok,,
se,menu,input,switch,checkbox,Pistachio & Almond Milk: hidden. Tap to show,51×31,52×45,ok,,
se,menu,button,,button,Edit Pistachio & Pineapple Milk,181×94,161×94,ok,,
se,menu,button,,button,No price. Tap to add one,84×44,85×45,ok,,
se,menu,input,switch,checkbox,Pistachio & Pineapple Milk: hidden. Tap to show,51×31,52×45,ok,,
se,menu,button,,button,Edit Date Milk,181×94,161×94,ok,,
se,menu,button,,button,No price. Tap to add one,84×44,85×45,ok,,
se,menu,input,switch,checkbox,Date Milk: hidden. Tap to show,51×31,52×45,ok,,
se,menu,button,,button,Edit Date Milk & Ice Cream,181×94,161×94,ok,,
se,menu,button,,button,No price. Tap to add one,84×44,85×45,ok,,
se,menu,input,switch,checkbox,Date Milk & Ice Cream: hidden. Tap to show,51×31,52×45,ok,,
se,menu,button,,button,Edit Date & Banana Milk,181×94,161×94,ok,,
se,menu,button,,button,No price. Tap to add one,84×44,85×45,ok,,
se,menu,input,switch,checkbox,Date & Banana Milk: hidden. Tap to show,51×31,52×45,ok,,
se,menu,button,,button,Edit Date & Cream Milk,181×94,161×94,ok,,
se,menu,button,,button,No price. Tap to add one,84×44,85×45,ok,,
se,menu,input,switch,checkbox,Date & Cream Milk: hidden. Tap to show,51×31,52×45,ok,,
se,menu,button,,button,Edit Date & Sesame Milk,181×94,161×94,ok,,
se,menu,button,,button,No price. Tap to add one,84×44,85×45,ok,,
se,menu,input,switch,checkbox,Date & Sesame Milk: hidden. Tap to show,51×31,52×45,ok,,
se,menu,button,,button,Edit Date & Pistachio Milk,181×94,161×94,ok,,
se,menu,button,,button,No price. Tap to add one,84×44,85×45,ok,,
se,menu,input,switch,checkbox,Date & Pistachio Milk: hidden. Tap to show,51×31,52×45,ok,,
se,menu,button,,button,Edit Date & Coconut Milk,181×94,161×94,ok,,
se,menu,button,,button,No price. Tap to add one,84×44,85×45,ok,,
se,menu,input,switch,checkbox,Date & Coconut Milk: hidden. Tap to show,51×31,52×45,ok,,
se,menu,button,,button,Edit Celery & Orange Juice,181×94,161×94,ok,,
se,menu,button,,button,No price. Tap to add one,84×44,85×45,ok,,
se,menu,input,switch,checkbox,Celery & Orange Juice: hidden. Tap to show,51×31,52×45,ok,,
se,menu,button,,button,Edit Celery & Pomegranate Juice,181×94,161×94,ok,,
se,menu,button,,button,No price. Tap to add one,84×44,85×45,ok,,
se,menu,input,switch,checkbox,Celery & Pomegranate Juice: hidden. Tap to show,51×31,52×45,ok,,
se,menu,button,,button,Edit Celery & Cherry Juice,181×94,161×94,ok,,
se,menu,button,,button,No price. Tap to add one,84×44,85×45,ok,,
se,menu,input,switch,checkbox,Celery & Cherry Juice: hidden. Tap to show,51×31,52×45,ok,,
se,menu,button,,button,Edit Celery & Tomato Juice,181×94,161×94,ok,,
se,menu,button,,button,No price. Tap to add one,84×44,85×45,ok,,
se,menu,input,switch,checkbox,Celery & Tomato Juice: hidden. Tap to show,51×31,52×45,ok,,
se,menu,button,,button,Edit Celery Grapefruit,181×94,161×94,ok,,
se,menu,button,,button,No price. Tap to add one,84×44,85×45,ok,,
se,menu,input,switch,checkbox,Celery Grapefruit: hidden. Tap to show,51×31,52×45,ok,,
se,menu,button,,button,Collapse Dessert,44×44,44×45,ok,,
se,menu,button,,button,Dessert32دسر,111×44,112×45,ok,,
se,menu,button,,button,Add item to Dessert,67×44,67×45,ok,,
se,menu,button,,button,Section menu: Dessert,44×44,44×45,ok,,
se,menu,input,switch,checkbox,Dessert: shown. Tap to hide,51×31,51×45,ok,,
se,menu,button,,button,Edit Almond Croissant,193×56,161×57,ok,,
se,menu,button,,button,Price $6.49. Tap to change,72×44,72×45,ok,,
se,menu,input,switch,checkbox,Almond Croissant: shown. Tap to hide,51×31,52×45,ok,,
se,menu,button,,button,Edit Caramel Tres Leches,193×56,161×57,ok,,
se,menu,button,,button,Price $10.99. Tap to change,72×44,72×45,ok,,
se,menu,input,switch,checkbox,Caramel Tres Leches: shown. Tap to hide,51×31,52×45,ok,,
se,menu,button,,button,Edit Dubai Chocolate Cheesecake,193×56,161×57,ok,,
se,menu,button,,button,Price $12.99. Tap to change,72×44,72×45,ok,,
se,menu,input,switch,checkbox,Dubai Chocolate Cheesecake: shown. Tap to hide,51×31,52×45,ok,,
se,menu,button,,button,Edit Nutella Oreo Cheesecake,193×56,161×57,ok,,
se,menu,button,,button,Price $11.99. Tap to change,72×44,72×45,ok,,
se,menu,input,switch,checkbox,Nutella Oreo Cheesecake: shown. Tap to hide,51×31,52×45,ok,,
se,menu,button,,button,Edit Persian Pistachio Croissant,193×56,161×57,ok,,
se,menu,button,,button,Price $6.99. Tap to change,72×44,72×45,ok,,
se,menu,input,switch,checkbox,Persian Pistachio Croissant: shown. Tap to hide,51×31,52×45,ok,,
se,menu,button,,button,Edit Pistachio Cake,193×56,161×57,ok,,
se,menu,button,,button,Price $10.99. Tap to change,72×44,72×45,ok,,
se,menu,input,switch,checkbox,Pistachio Cake: shown. Tap to hide,51×31,52×45,ok,,
se,menu,button,,button,Edit Pistachio Cheesecake,193×56,161×57,ok,,
se,menu,button,,button,Price $11.99. Tap to change,72×44,72×45,ok,,
se,menu,input,switch,checkbox,Pistachio Cheesecake: shown. Tap to hide,51×31,52×45,ok,,
se,menu,button,,button,Edit Small Baklava,193×56,161×57,ok,,
se,menu,button,,button,Price $3.99. Tap to change,72×44,72×45,ok,,
se,menu,input,switch,checkbox,Small Baklava: shown. Tap to hide,51×31,52×45,ok,,
se,menu,button,,button,Edit Large Baklava,193×56,161×57,ok,,
se,menu,button,,button,Price $6.99. Tap to change,72×44,72×45,ok,,
se,menu,input,switch,checkbox,Large Baklava: shown. Tap to hide,51×31,52×45,ok,,
se,menu,button,,button,Edit Butter Croissant,193×56,161×57,ok,,
se,menu,button,,button,Price $3.99. Tap to change,72×44,72×45,ok,,
se,menu,input,switch,checkbox,Butter Croissant: shown. Tap to hide,51×31,52×45,ok,,
se,menu,button,,button,Edit Tiramisu,193×56,161×57,ok,,
se,menu,button,,button,Price $12.99. Tap to change,72×44,72×45,ok,,
se,menu,input,switch,checkbox,Tiramisu: shown. Tap to hide,51×31,52×45,ok,,
se,menu,button,,button,Edit Turkish Knafeh,193×56,161×57,ok,,
se,menu,button,,button,Price $14.99. Tap to change,72×44,72×45,ok,,
se,menu,input,switch,checkbox,Turkish Knafeh: shown. Tap to hide,51×31,52×45,ok,,
se,menu,button,,button,Edit Lotus cheesecake,193×56,161×57,ok,,
se,menu,button,,button,Price $11.99. Tap to change,72×44,72×45,ok,,
se,menu,input,switch,checkbox,Lotus cheesecake: shown. Tap to hide,51×31,52×45,ok,,
se,menu,button,,button,Edit Classic Cheese Cake,193×56,161×57,ok,,
se,menu,button,,button,Price $9.99. Tap to change,72×44,72×45,ok,,
se,menu,input,switch,checkbox,Classic Cheese Cake: shown. Tap to hide,51×31,52×45,ok,,
se,menu,button,,button,Edit Coffee & walnut cake,193×56,161×57,ok,,
se,menu,button,,button,Price $9.99. Tap to change,72×44,72×45,ok,,
se,menu,input,switch,checkbox,Coffee & walnut cake: shown. Tap to hide,51×31,52×45,ok,,
se,menu,button,,button,Edit Napoleon,193×56,161×57,ok,,
se,menu,button,,button,Price $10.99. Tap to change,72×44,72×45,ok,,
se,menu,input,switch,checkbox,Napoleon: shown. Tap to hide,51×31,52×45,ok,,
se,menu,button,,button,Edit Chocolate Croissant,193×56,161×57,ok,,
se,menu,button,,button,Price $6.49. Tap to change,72×44,72×45,ok,,
se,menu,input,switch,checkbox,Chocolate Croissant: shown. Tap to hide,51×31,52×45,ok,,
se,menu,button,,button,Edit Baklava Cake,193×56,161×57,ok,,
se,menu,button,,button,Price $12.99. Tap to change,72×44,72×45,ok,,
se,menu,input,switch,checkbox,Baklava Cake: shown. Tap to hide,51×31,52×45,ok,,
se,menu,button,,button,Edit Chocolate Late Cake,193×56,161×57,ok,,
se,menu,button,,button,Price $12.99. Tap to change,72×44,72×45,ok,,
se,menu,input,switch,checkbox,Chocolate Late Cake: shown. Tap to hide,51×31,52×45,ok,,
se,menu,button,,button,Edit Pumpkin Cake,193×56,161×57,ok,,
se,menu,button,,button,Price $12.99. Tap to change,72×44,72×45,ok,,
se,menu,input,switch,checkbox,Pumpkin Cake: shown. Tap to hide,51×31,52×45,ok,,
se,menu,button,,button,Edit Pumpkin Cheesecake,193×56,161×57,ok,,
se,menu,button,,button,Price $13.99. Tap to change,72×44,72×45,ok,,
se,menu,input,switch,checkbox,Pumpkin Cheesecake: shown. Tap to hide,51×31,52×45,ok,,
se,menu,button,,button,Edit Apple Walnut Loaf,181×94,161×94,ok,,
se,menu,button,,button,No price. Tap to add one,84×44,85×45,ok,,
se,menu,input,switch,checkbox,Apple Walnut Loaf: hidden. Tap to show,51×31,52×45,ok,,
se,menu,button,,button,Edit Banana Chocolate Loaf,181×94,161×94,ok,,
se,menu,button,,button,No price. Tap to add one,84×44,85×45,ok,,
se,menu,input,switch,checkbox,Banana Chocolate Loaf: hidden. Tap to show,51×31,52×45,ok,,
se,menu,button,,button,Edit Chocolate Caramel Fudge,181×94,161×94,ok,,
se,menu,button,,button,No price. Tap to add one,84×44,85×45,ok,,
se,menu,input,switch,checkbox,Chocolate Caramel Fudge: hidden. Tap to show,51×31,52×45,ok,,
se,menu,button,,button,Edit Chocolate Fudge with Ice Cream,181×94,161×94,ok,,
se,menu,button,,button,No price. Tap to add one,84×44,85×45,ok,,
se,menu,input,switch,checkbox,Chocolate Fudge with Ice Cream: hidden. Tap to show,51×31,52×45,ok,,
se,menu,button,,button,Edit Pistachio Magnolia,181×94,161×94,ok,,
se,menu,button,,button,No price. Tap to add one,84×44,85×45,ok,,
se,menu,input,switch,checkbox,Pistachio Magnolia: hidden. Tap to show,51×31,52×45,ok,,
se,menu,button,,button,Edit Vanilla Peanut Magnolia,181×94,161×94,ok,,
se,menu,button,,button,No price. Tap to add one,84×44,85×45,ok,,
se,menu,input,switch,checkbox,Vanilla Peanut Magnolia: hidden. Tap to show,51×31,52×45,ok,,
se,menu,button,,button,Edit Baklava,181×94,161×94,ok,,
se,menu,button,,button,No price. Tap to add one,84×44,85×45,ok,,
se,menu,input,switch,checkbox,Baklava: hidden. Tap to show,51×31,52×45,ok,,
se,menu,button,,button,Edit Baklava Cheesecake,181×94,161×94,ok,,
se,menu,button,,button,No price. Tap to add one,84×44,85×45,ok,,
se,menu,input,switch,checkbox,Baklava Cheesecake: hidden. Tap to show,51×31,52×45,ok,,
se,menu,button,,button,Edit Classic Cheesecake,181×94,161×94,ok,,
se,menu,button,,button,No price. Tap to add one,84×44,85×45,ok,,
se,menu,input,switch,checkbox,Classic Cheesecake: hidden. Tap to show,51×31,52×45,ok,,
se,menu,button,,button,Edit Red Velvet Cake,181×94,161×94,ok,,
se,menu,button,,button,No price. Tap to add one,84×44,85×45,ok,,
se,menu,input,switch,checkbox,Red Velvet Cake: hidden. Tap to show,51×31,52×45,ok,,
se,menu,button,,button,Edit Nutella Cake,181×94,161×94,ok,,
se,menu,button,,button,No price. Tap to add one,84×44,85×45,ok,,
se,menu,input,switch,checkbox,Nutella Cake: hidden. Tap to show,51×31,52×45,ok,,
se,menu,button,,button,Collapse Ice Cream,44×44,44×44,ok,,
se,menu,button,,button,Ice Cream21بستنی,111×44,112×44,ok,,
se,menu,button,,button,Add item to Ice Cream,67×44,67×44,ok,,
se,menu,button,,button,Section menu: Ice Cream,44×44,44×44,ok,,
se,menu,input,switch,checkbox,Ice Cream: shown. Tap to hide,51×31,51×44,ok,,
se,menu,button,,button,Edit Ice Cream,193×56,161×56,ok,,
se,menu,button,,button,Price $7.99. Tap to change,72×44,72×44,ok,,
se,menu,input,switch,checkbox,Ice Cream: shown. Tap to hide,51×31,52×44,ok,,
se,menu,button,,button,Edit Single Scoop Ice Cream,193×56,161×56,ok,,
se,menu,button,,button,Price $4.99. Tap to change,72×44,72×44,ok,,
se,menu,input,switch,checkbox,Single Scoop Ice Cream: shown. Tap to hide,51×31,52×44,ok,,
se,menu,button,,button,Edit Ice cream Sandwich,193×56,161×56,ok,,
se,menu,button,,button,Price $7.99. Tap to change,72×44,72×44,ok,,
se,menu,input,switch,checkbox,Ice cream Sandwich: shown. Tap to hide,51×31,52×44,ok,,
se,menu,button,,button,Edit Falooda,193×56,161×56,ok,,
se,menu,button,,button,Price $7.99. Tap to change,72×44,72×44,ok,,
se,menu,input,switch,checkbox,Falooda: shown. Tap to hide,51×31,52×44,ok,,
se,menu,button,,button,Edit Pistachio Ice Cream,181×94,161×94,ok,,
se,menu,button,,button,No price. Tap to add one,84×44,85×45,ok,,
se,menu,input,switch,checkbox,Pistachio Ice Cream: hidden. Tap to show,51×31,52×45,ok,,
se,menu,button,,button,Edit Saffron Ice Cream,181×94,161×94,ok,,
se,menu,button,,button,No price. Tap to add one,84×44,85×45,ok,,
se,menu,input,switch,checkbox,Saffron Ice Cream: hidden. Tap to show,51×31,52×45,ok,,
se,menu,button,,button,Edit Pomegranate Ice Cream,181×94,161×94,ok,,
se,menu,button,,button,No price. Tap to add one,84×44,85×45,ok,,
se,menu,input,switch,checkbox,Pomegranate Ice Cream: hidden. Tap to show,51×31,52×45,ok,,
se,menu,button,,button,Edit Vanilla Ice Cream,181×94,161×94,ok,,
se,menu,button,,button,No price. Tap to add one,84×44,85×45,ok,,
se,menu,input,switch,checkbox,Vanilla Ice Cream: hidden. Tap to show,51×31,52×45,ok,,
se,menu,button,,button,Edit Strawberry Ice Cream,181×94,161×94,ok,,
se,menu,button,,button,No price. Tap to add one,84×44,85×45,ok,,
se,menu,input,switch,checkbox,Strawberry Ice Cream: hidden. Tap to show,51×31,52×45,ok,,
se,menu,button,,button,Edit Chocolate Ice Cream,181×94,161×94,ok,,
se,menu,button,,button,No price. Tap to add one,84×44,85×45,ok,,
se,menu,input,switch,checkbox,Chocolate Ice Cream: hidden. Tap to show,51×31,52×45,ok,,
se,menu,button,,button,Edit Mango Ice Cream,181×94,161×94,ok,,
se,menu,button,,button,No price. Tap to add one,84×44,85×45,ok,,
se,menu,input,switch,checkbox,Mango Ice Cream: hidden. Tap to show,51×31,52×45,ok,,
se,menu,button,,button,Edit Banana Ice Pack,181×94,161×94,ok,,
se,menu,button,,button,No price. Tap to add one,84×44,85×45,ok,,
se,menu,input,switch,checkbox,Banana Ice Pack: hidden. Tap to show,51×31,52×45,ok,,
se,menu,button,,button,Edit Chocolate Ice Pack,181×94,161×94,ok,,
se,menu,button,,button,No price. Tap to add one,84×44,85×45,ok,,
se,menu,input,switch,checkbox,Chocolate Ice Pack: hidden. Tap to show,51×31,52×45,ok,,
se,menu,button,,button,Edit Nescafe Ice Pack,181×94,161×94,ok,,
se,menu,button,,button,No price. Tap to add one,84×44,85×45,ok,,
se,menu,input,switch,checkbox,Nescafe Ice Pack: hidden. Tap to show,51×31,52×45,ok,,
se,menu,button,,button,Edit Walnut Ice Pack,181×94,161×94,ok,,
se,menu,button,,button,No price. Tap to add one,84×44,85×45,ok,,
se,menu,input,switch,checkbox,Walnut Ice Pack: hidden. Tap to show,51×31,52×45,ok,,
se,menu,button,,button,Edit Vanilla & Pistachio Ice Pack,181×94,161×94,ok,,
se,menu,button,,button,No price. Tap to add one,84×44,85×45,ok,,
se,menu,input,switch,checkbox,Vanilla & Pistachio Ice Pack: hidden. Tap to show,51×31,52×45,ok,,
se,menu,button,,button,Edit Strawberry Ice Pack,181×94,161×94,ok,,
se,menu,button,,button,No price. Tap to add one,84×44,85×45,ok,,
se,menu,input,switch,checkbox,Strawberry Ice Pack: hidden. Tap to show,51×31,52×45,ok,,
se,menu,button,,button,Edit Nutella Ice Pack,181×94,161×94,ok,,
se,menu,button,,button,No price. Tap to add one,84×44,85×45,ok,,
se,menu,input,switch,checkbox,Nutella Ice Pack: hidden. Tap to show,51×31,52×45,ok,,
se,menu,button,,button,Edit Coffee Ice Pack,181×94,161×94,ok,,
se,menu,button,,button,No price. Tap to add one,84×44,85×45,ok,,
se,menu,input,switch,checkbox,Coffee Ice Pack: hidden. Tap to show,51×31,52×45,ok,,
se,menu,button,,button,Edit Mango Ice Pack,181×94,161×94,ok,,
se,menu,button,,button,No price. Tap to add one,84×44,85×45,ok,,
se,menu,input,switch,checkbox,Mango Ice Pack: hidden. Tap to show,51×31,52×45,ok,,
se,menu,button,,button,Edit Peanut Ice Pack,181×94,161×94,ok,,
se,menu,button,,button,No price. Tap to add one,84×44,85×45,ok,,
se,menu,input,switch,checkbox,Peanut Ice Pack: hidden. Tap to show,51×31,52×45,ok,,
se,menu,button,,button,Collapse Milkshake,44×44,44×45,ok,,
se,menu,button,,button,Milkshake7میلک شیک,111×44,112×45,ok,,
se,menu,button,,button,Add item to Milkshake,67×44,67×45,ok,,
se,menu,button,,button,Section menu: Milkshake,44×44,44×45,ok,,
se,menu,input,switch,checkbox,Milkshake: shown. Tap to hide,51×31,51×45,ok,,
se,menu,button,,button,Edit Chocolate Milkshake,193×56,161×57,ok,,
se,menu,button,,button,Price $12.99. Tap to change,72×44,72×45,ok,,
se,menu,input,switch,checkbox,Chocolate Milkshake: shown. Tap to hide,51×31,52×45,ok,,
se,menu,button,,button,Edit Strawberry Milkshake,193×56,161×57,ok,,
se,menu,button,,button,Price $11.99. Tap to change,72×44,72×45,ok,,
se,menu,input,switch,checkbox,Strawberry Milkshake: shown. Tap to hide,51×31,52×45,ok,,
se,menu,button,,button,Edit Mango Milkshake,193×56,161×57,ok,,
se,menu,button,,button,Price $11.99. Tap to change,72×44,72×45,ok,,
se,menu,input,switch,checkbox,Mango Milkshake: shown. Tap to hide,51×31,52×45,ok,,
se,menu,button,,button,Edit Nutella Milkshake,193×56,161×57,ok,,
se,menu,button,,button,Price $12.99. Tap to change,72×44,72×45,ok,,
se,menu,input,switch,checkbox,Nutella Milkshake: shown. Tap to hide,51×31,52×45,ok,,
se,menu,button,,button,Edit Oreo Milkshake,181×94,161×94,ok,,
se,menu,button,,button,No price. Tap to add one,84×44,85×45,ok,,
se,menu,input,switch,checkbox,Oreo Milkshake: hidden. Tap to show,51×31,52×45,ok,,
se,menu,button,,button,Edit Pistachio Milkshake,181×94,161×94,ok,,
se,menu,button,,button,No price. Tap to add one,84×44,85×45,ok,,
se,menu,input,switch,checkbox,Pistachio Milkshake: hidden. Tap to show,51×31,52×45,ok,,
se,menu,button,,button,Edit Pomegranate Milkshake,181×94,161×94,ok,,
se,menu,button,,button,No price. Tap to add one,84×44,85×45,ok,,
se,menu,input,switch,checkbox,Pomegranate Milkshake: hidden. Tap to show,51×31,52×45,ok,,
se,menu,button,,button,Collapse Persian Breakfast,44×44,44×44,ok,,
se,menu,button,,button,Persian Breakfast27صبحانه,111×44,112×44,ok,,
se,menu,button,,button,Add item to Persian Breakfast,67×44,67×44,ok,,
se,menu,button,,button,Section menu: Persian Breakfast,44×44,44×44,ok,,
se,menu,input,switch,checkbox,Persian Breakfast: shown. Tap to hide,51×31,51×44,ok,,
se,menu,button,,button,Edit Brain & Tongue Omelette,193×56,161×56,ok,,
se,menu,button,,button,Price $27.99. Tap to change,72×44,72×44,ok,,
se,menu,input,switch,checkbox,Brain & Tongue Omelette: shown. Tap to hide,51×31,52×44,ok,,
se,menu,button,,button,Edit Classic Eggs,193×56,161×56,ok,,
se,menu,button,,button,Price $18.99. Tap to change,72×44,72×44,ok,,
se,menu,input,switch,checkbox,Classic Eggs: shown. Tap to hide,51×31,52×44,ok,,
se,menu,button,,button,Edit Tomato Omelette,193×56,161×56,ok,,
se,menu,button,,button,Price $20.99. Tap to change,72×44,72×44,ok,,
se,menu,input,switch,checkbox,Tomato Omelette: shown. Tap to hide,51×31,52×44,ok,,
se,menu,button,,button,Edit Sausage & Egg,193×56,161×56,ok,,
se,menu,button,,button,Price $21.99. Tap to change,72×44,72×44,ok,,
se,menu,input,switch,checkbox,Sausage & Egg: shown. Tap to hide,51×31,52×44,ok,,
se,menu,button,,button,Edit Pumpkin Omelette,193×65,161×65,ok,,
se,menu,button,,button,Price $19.99. Tap to change,72×44,72×45,ok,,
se,menu,input,switch,checkbox,Pumpkin Omelette: shown. Tap to hide,51×31,52×45,ok,,
se,menu,button,,button,"Edit Sausage, Egg & Tomato",193×56,161×57,ok,,
se,menu,button,,button,Price $22.99. Tap to change,72×44,72×45,ok,,
se,menu,input,switch,checkbox,"Sausage, Egg & Tomato: shown. Tap to hide",51×31,52×45,ok,,
se,menu,button,,button,Edit Turkish Omelette,193×56,161×57,ok,,
se,menu,button,,button,Price $22.49. Tap to change,72×44,72×45,ok,,
se,menu,input,switch,checkbox,Turkish Omelette: shown. Tap to hide,51×31,52×45,ok,,
se,menu,button,,button,Edit Bandar Omelette,193×56,161×57,ok,,
se,menu,button,,button,Price $19.99. Tap to change,72×44,72×45,ok,,
se,menu,input,switch,checkbox,Bandar Omelette: shown. Tap to hide,51×31,52×45,ok,,
se,menu,button,,button,Edit Jungle Omelette,193×56,161×57,ok,,
se,menu,button,,button,Price $21.99. Tap to change,72×44,72×45,ok,,
se,menu,input,switch,checkbox,Jungle Omelette: shown. Tap to hide,51×31,52×45,ok,,
se,menu,button,,button,Edit Nargasi Omelette,193×56,161×57,ok,,
se,menu,button,,button,Price $21.99. Tap to change,72×44,72×45,ok,,
se,menu,input,switch,checkbox,Nargasi Omelette: shown. Tap to hide,51×31,52×45,ok,,
se,menu,button,,button,Edit Gheymagh,193×56,161×57,ok,,
se,menu,button,,button,Price $24.99. Tap to change,72×44,72×45,ok,,
se,menu,input,switch,checkbox,Gheymagh: shown. Tap to hide,51×31,52×45,ok,,
se,menu,button,,button,Edit Mushroom Tomato Omelette,193×56,161×57,ok,,
se,menu,button,,button,Price $21.99. Tap to change,72×44,72×45,ok,,
se,menu,input,switch,checkbox,Mushroom Tomato Omelette: shown. Tap to hide,51×31,52×45,ok,,
se,menu,button,,button,Edit Halim,193×56,161×57,ok,,
se,menu,button,,button,Price $15.49. Tap to change,72×44,72×45,ok,,
se,menu,input,switch,checkbox,Halim: shown. Tap to hide,51×31,52×45,ok,,
se,menu,button,,button,Edit Papa Egg (Roast beef),193×56,161×57,ok,,
se,menu,button,,button,Price $23.99. Tap to change,72×44,72×45,ok,,
se,menu,input,switch,checkbox,Papa Egg (Roast beef): shown. Tap to hide,51×31,52×45,ok,,
se,menu,button,,button,Edit Cheese Platter,193×56,161×57,ok,,
se,menu,button,,button,Price $15.49. Tap to change,72×44,72×45,ok,,
se,menu,input,switch,checkbox,Cheese Platter: shown. Tap to hide,51×31,52×45,ok,,
se,menu,button,,button,Edit Plain Bagel With Cream Cheese,193×56,161×57,ok,,
se,menu,button,,button,Price $4.99. Tap to change,72×44,72×45,ok,,
se,menu,input,switch,checkbox,Plain Bagel With Cream Cheese: shown. Tap to hide,51×31,52×45,ok,,
se,menu,button,,button,Edit Everything Bagel With Cream Cheese,193×56,161×57,ok,,
se,menu,button,,button,Price $4.99. Tap to change,72×44,72×45,ok,,
se,menu,input,switch,checkbox,Everything Bagel With Cream Cheese: shown. Tap to hide,51×31,52×45,ok,,
se,menu,button,,button,Edit Plain Bagel with Butter,193×56,161×57,ok,,
se,menu,button,,button,Price $4.99. Tap to change,72×44,72×45,ok,,
se,menu,input,switch,checkbox,Plain Bagel with Butter: shown. Tap to hide,51×31,52×45,ok,,
se,menu,button,,button,Edit Everything Bagel With Butter,193×56,161×57,ok,,
se,menu,button,,button,Price $4.99. Tap to change,72×44,72×45,ok,,
se,menu,input,switch,checkbox,Everything Bagel With Butter: shown. Tap to hide,51×31,52×45,ok,,
se,menu,button,,button,Edit Classic waffle,193×56,161×57,ok,,
se,menu,button,,button,Price $17.99. Tap to change,72×44,72×45,ok,,
se,menu,input,switch,checkbox,Classic waffle: shown. Tap to hide,51×31,52×45,ok,,
se,menu,button,,button,Edit Senso Waffle,193×56,161×57,ok,,
se,menu,button,,button,Price $20.99. Tap to change,72×44,72×45,ok,,
se,menu,input,switch,checkbox,Senso Waffle: shown. Tap to hide,51×31,52×45,ok,,
se,menu,button,,button,Edit Strawberry pancake,193×56,161×57,ok,,
se,menu,button,,button,Price $21.99. Tap to change,72×44,72×45,ok,,
se,menu,input,switch,checkbox,Strawberry pancake: shown. Tap to hide,51×31,52×45,ok,,
se,menu,button,,button,Edit Mixed Brain & Tongue Omelette,181×71,161×72,ok,,
se,menu,button,,button,No price. Tap to add one,84×44,85×44,ok,,
se,menu,input,switch,checkbox,Mixed Brain & Tongue Omelette: hidden. Tap to show,51×31,52×44,ok,,
se,menu,button,,button,Edit Mushroom Omelette,181×71,161×72,ok,,
se,menu,button,,button,No price. Tap to add one,84×44,85×44,ok,,
se,menu,input,switch,checkbox,Mushroom Omelette: hidden. Tap to show,51×31,52×44,ok,,
se,menu,button,,button,Edit Nargesi Omelette,181×71,161×72,ok,,
se,menu,button,,button,No price. Tap to add one,84×44,85×44,ok,,
se,menu,input,switch,checkbox,Nargesi Omelette: hidden. Tap to show,51×31,52×44,ok,,
se,menu,button,,button,Edit Bagel,181×71,161×72,ok,,
se,menu,button,,button,No price. Tap to add one,84×44,85×44,ok,,
se,menu,input,switch,checkbox,Bagel: hidden. Tap to show,51×31,52×44,ok,,
se,menu,button,,button,Edit Everything Bagel,181×71,161×72,ok,,
se,menu,button,,button,No price. Tap to add one,84×44,85×44,ok,,
se,menu,input,switch,checkbox,Everything Bagel: hidden. Tap to show,51×31,52×44,ok,,
se,menu,button,,button,Collapse Salad,44×44,44×45,ok,,
se,menu,button,,button,Salad5سالاد,111×44,112×45,ok,,
se,menu,button,,button,Add item to Salad,67×44,67×45,ok,,
se,menu,button,,button,Section menu: Salad,44×44,44×45,ok,,
se,menu,input,switch,checkbox,Salad: shown. Tap to hide,51×31,51×45,ok,,
se,menu,button,,button,Edit Mixed Green Salad,193×56,161×57,ok,,
se,menu,button,,button,Price $17.49. Tap to change,72×44,72×45,ok,,
se,menu,input,switch,checkbox,Mixed Green Salad: shown. Tap to hide,51×31,52×45,ok,,
se,menu,button,,button,Edit Greek Salad,193×56,161×57,ok,,
se,menu,button,,button,Price $17.49. Tap to change,72×44,72×45,ok,,
se,menu,input,switch,checkbox,Greek Salad: shown. Tap to hide,51×31,52×45,ok,,
se,menu,button,,button,Edit Watermelon Salad,193×56,161×57,ok,,
se,menu,button,,button,Price $18.99. Tap to change,72×44,72×45,ok,,
se,menu,input,switch,checkbox,Watermelon Salad: shown. Tap to hide,51×31,52×45,ok,,
se,menu,button,,button,Edit Caesar Salad,193×56,161×57,ok,,
se,menu,button,,button,Price $18.49. Tap to change,72×44,72×45,ok,,
se,menu,input,switch,checkbox,Caesar Salad: shown. Tap to hide,51×31,52×45,ok,,
se,menu,button,,button,Edit Fruit Platter,181×71,161×72,ok,,
se,menu,button,,button,No price. Tap to add one,84×44,85×44,ok,,
se,menu,input,switch,checkbox,Fruit Platter: hidden. Tap to show,51×31,52×44,ok,,
se,menu,button,,button,Collapse Appetizer,44×44,44×45,ok,,
se,menu,button,,button,Appetizer12پیش غذا,111×44,112×45,ok,,
se,menu,button,,button,Add item to Appetizer,67×44,67×45,ok,,
se,menu,button,,button,Section menu: Appetizer,44×44,44×45,ok,,
se,menu,input,switch,checkbox,Appetizer: shown. Tap to hide,51×31,51×45,ok,,
se,menu,button,,button,Edit Creamy Mushroom Barley Soup,193×56,161×57,ok,,
se,menu,button,,button,Price $11.99. Tap to change,72×44,72×45,ok,,
se,menu,input,switch,checkbox,Creamy Mushroom Barley Soup: shown. Tap to hide,51×31,52×45,ok,,
se,menu,button,,button,Edit Ashe Sabzi Shiraz,193×56,161×57,ok,,
se,menu,button,,button,Price $14.99. Tap to change,72×44,72×45,ok,,
se,menu,input,switch,checkbox,Ashe Sabzi Shiraz: shown. Tap to hide,51×31,52×45,ok,,
se,menu,button,,button,Edit Ashe Reshteh,193×56,161×57,ok,,
se,menu,button,,button,Price $13.99. Tap to change,72×44,72×45,ok,,
se,menu,input,switch,checkbox,Ashe Reshteh: shown. Tap to hide,51×31,52×45,ok,,
se,menu,button,,button,Edit Halim,193×56,161×57,ok,,
se,menu,button,,button,Price $15.49. Tap to change,72×44,72×45,ok,,
se,menu,input,switch,checkbox,Halim: shown. Tap to hide,51×31,52×45,ok,,
se,menu,button,,button,Edit Kumpir (Turkish Style Stuffed Baked Potato),193×56,161×57,ok,,
se,menu,button,,button,Price $16.49. Tap to change,72×44,72×45,ok,,
se,menu,input,switch,checkbox,Kumpir (Turkish Style Stuffed Baked Potato): shown. Tap to h,51×31,52×45,ok,,
se,menu,button,,button,Edit Barley Soup,193×56,161×57,ok,,
se,menu,button,,button,Price $9.99. Tap to change,72×44,72×45,ok,,
se,menu,input,switch,checkbox,Barley Soup: shown. Tap to hide,51×31,52×45,ok,,
se,menu,button,,button,Edit Pumpkin Soup,193×65,161×65,ok,,
se,menu,button,,button,Price $7.99. Tap to change,72×44,72×45,ok,,
se,menu,input,switch,checkbox,Pumpkin Soup: shown. Tap to hide,51×31,52×45,ok,,
se,menu,button,,button,Edit chips o panir,193×56,161×56,ok,,
se,menu,button,,button,Price $17.49. Tap to change,72×44,72×44,ok,,
se,menu,input,switch,checkbox,chips o panir: shown. Tap to hide,51×31,52×44,ok,,
se,menu,button,,button,Edit Mexican corn,193×56,161×56,ok,,
se,menu,button,,button,Price $10.99. Tap to change,72×44,72×44,ok,,
se,menu,input,switch,checkbox,Mexican corn: shown. Tap to hide,51×31,52×44,ok,,
se,menu,button,,button,Edit Adasi,193×56,161×56,ok,,
se,menu,button,,button,Price $9.99. Tap to change,72×44,72×44,ok,,
se,menu,input,switch,checkbox,Adasi: shown. Tap to hide,51×31,52×44,ok,,
se,menu,button,,button,Edit Aash-e-Sabzi Shiraz,181×71,161×71,ok,,
se,menu,button,,button,No price. Tap to add one,84×44,85×45,ok,,
se,menu,input,switch,checkbox,Aash-e-Sabzi Shiraz: hidden. Tap to show,51×31,52×45,ok,,
se,menu,button,,button,Edit Aash-e-Reshteh,181×71,161×71,ok,,
se,menu,button,,button,No price. Tap to add one,84×44,85×45,ok,,
se,menu,input,switch,checkbox,Aash-e-Reshteh: hidden. Tap to show,51×31,52×45,ok,,
se,menu,button,,button,Collapse Main Course,44×44,44×44,ok,,
se,menu,button,,button,Main Course8غذا اصلی,111×44,112×44,ok,,
se,menu,button,,button,Add item to Main Course,67×44,67×44,ok,,
se,menu,button,,button,Section menu: Main Course,44×44,44×44,ok,,
se,menu,input,switch,checkbox,Main Course: shown. Tap to hide,51×31,51×44,ok,,
se,menu,button,,button,Edit Signature Senso Mix Sandwich,193×65,161×65,ok,,
se,menu,button,,button,Price $19.99. Tap to change,72×44,72×45,ok,,
se,menu,input,switch,checkbox,Signature Senso Mix Sandwich: shown. Tap to hide,51×31,52×45,ok,,
se,menu,button,,button,Edit Tongue Sandwich,193×56,161×57,ok,,
se,menu,button,,button,Price $20.99. Tap to change,72×44,72×45,ok,,
se,menu,input,switch,checkbox,Tongue Sandwich: shown. Tap to hide,51×31,52×45,ok,,
se,menu,button,,button,Edit Sosis Bandari Plate,193×56,161×57,ok,,
se,menu,button,,button,Price $18.49. Tap to change,72×44,72×45,ok,,
se,menu,input,switch,checkbox,Sosis Bandari Plate: shown. Tap to hide,51×31,52×45,ok,,
se,menu,button,,button,Edit Sosis Plate,193×56,161×57,ok,,
se,menu,button,,button,Price $18.49. Tap to change,72×44,72×45,ok,,
se,menu,input,switch,checkbox,Sosis Plate: shown. Tap to hide,51×31,52×45,ok,,
se,menu,button,,button,Edit Smoked Montreal Roast Beef Sandwich,193×56,161×57,ok,,
se,menu,button,,button,Price $19.99. Tap to change,72×44,72×45,ok,,
se,menu,input,switch,checkbox,Smoked Montreal Roast Beef Sandwich: shown. Tap to hide,51×31,52×45,ok,,
se,menu,button,,button,Edit Smoked Turkey Breast Sandwich,193×56,161×57,ok,,
se,menu,button,,button,Price $18.99. Tap to change,72×44,72×45,ok,,
se,menu,input,switch,checkbox,Smoked Turkey Breast Sandwich: shown. Tap to hide,51×31,52×45,ok,,
se,menu,button,,button,Edit Smoked Chicken Breast Sandwich,193×56,161×57,ok,,
se,menu,button,,button,Price $18.99. Tap to change,72×44,72×45,ok,,
se,menu,input,switch,checkbox,Smoked Chicken Breast Sandwich: shown. Tap to hide,51×31,52×45,ok,,
se,menu,button,,button,Edit Ham Sandwich,181×71,161×72,ok,,
se,menu,button,,button,No price. Tap to add one,84×44,85×44,ok,,
se,menu,input,switch,checkbox,Ham Sandwich: hidden. Tap to show,51×31,52×44,ok,,
se,menu,button,,button,Collapse Senso Pizza,44×44,44×45,ok,,
se,menu,button,,button,Senso Pizza10پیتزا,111×44,112×45,ok,,
se,menu,button,,button,Add item to Senso Pizza,67×44,67×45,ok,,
se,menu,button,,button,Section menu: Senso Pizza,44×44,44×45,ok,,
se,menu,input,switch,checkbox,Senso Pizza: shown. Tap to hide,51×31,51×45,ok,,
se,menu,button,,button,Edit Cheese Pizza,193×65,161×65,ok,,
se,menu,button,,button,Price $16.99. Tap to change,72×44,72×45,ok,,
se,menu,input,switch,checkbox,Cheese Pizza: shown. Tap to hide,51×31,52×45,ok,,
se,menu,button,,button,Edit Meat Lovers Pizza,193×65,161×65,ok,,
se,menu,button,,button,Price $24.99. Tap to change,72×44,72×45,ok,,
se,menu,input,switch,checkbox,Meat Lovers Pizza: shown. Tap to hide,51×31,52×45,ok,,
se,menu,button,,button,Edit persian pizza,193×65,161×65,ok,,
se,menu,button,,button,Price $22.99. Tap to change,72×44,72×45,ok,,
se,menu,input,switch,checkbox,persian pizza: shown. Tap to hide,51×31,52×45,ok,,
se,menu,button,,button,Edit Steak Pizza,193×65,161×65,ok,,
se,menu,button,,button,Price $23.99. Tap to change,72×44,72×45,ok,,
se,menu,input,switch,checkbox,Steak Pizza: shown. Tap to hide,51×31,52×45,ok,,
se,menu,button,,button,Edit Vegetarian Pizza,193×65,161×65,ok,,
se,menu,button,,button,Price $19.99. Tap to change,72×44,72×45,ok,,
se,menu,input,switch,checkbox,Vegetarian Pizza: shown. Tap to hide,51×31,52×45,ok,,
se,menu,button,,button,Edit Papa pizza (roast beef),193×56,161×56,ok,,
se,menu,button,,button,Price $24.99. Tap to change,72×44,72×44,ok,,
se,menu,input,switch,checkbox,Papa pizza (roast beef): shown. Tap to hide,51×31,52×44,ok,,
se,menu,button,,button,"Edit Mama pizza (Grilled chicken Salami,beef bacon)",193×56,161×56,ok,,
se,menu,button,,button,Price $22.99. Tap to change,72×44,72×44,ok,,
se,menu,input,switch,checkbox,"Mama pizza (Grilled chicken Salami,beef bacon): shown. Tap t",51×31,52×44,ok,,
se,menu,button,,button,Edit Bandari Pizza,181×71,161×71,ok,,
se,menu,button,,button,No price. Tap to add one,84×44,85×45,ok,,
se,menu,input,switch,checkbox,Bandari Pizza: hidden. Tap to show,51×31,52×45,ok,,
se,menu,button,,button,Edit Chika Pizza (Grilled Chicken Salami),181×71,161×71,ok,,
se,menu,button,,button,No price. Tap to add one,84×44,85×45,ok,,
se,menu,input,switch,checkbox,Chika Pizza (Grilled Chicken Salami): hidden. Tap to show,51×31,52×45,ok,,
se,menu,button,,button,Edit Turkish Pizza (Sojuk),181×71,161×71,ok,,
se,menu,button,,button,No price. Tap to add one,84×44,85×45,ok,,
se,menu,input,switch,checkbox,Turkish Pizza (Sojuk): hidden. Tap to show,51×31,52×45,ok,,
se,menu,button,,button,Collapse Beverage,44×44,44×44,ok,,
se,menu,button,,button,Beverage3نوشیدنی,111×44,112×44,ok,,
se,menu,button,,button,Add item to Beverage,67×44,67×44,ok,,
se,menu,button,,button,Section menu: Beverage,44×44,44×44,ok,,
se,menu,input,switch,checkbox,Beverage: shown. Tap to hide,51×31,51×44,ok,,
se,menu,button,,button,Edit Canada Dry Ginger Ale,193×56,161×56,ok,,
se,menu,button,,button,Price $3.99. Tap to change,72×44,72×44,ok,,
se,menu,input,switch,checkbox,Canada Dry Ginger Ale: shown. Tap to hide,51×31,52×44,ok,,
se,menu,button,,button,Edit Coca Cola,193×56,161×56,ok,,
se,menu,button,,button,Price $3.99. Tap to change,72×44,72×44,ok,,
se,menu,input,switch,checkbox,Coca Cola: shown. Tap to hide,51×31,52×44,ok,,
se,menu,button,,button,Edit Mineral water,193×56,161×56,ok,,
se,menu,button,,button,Price $2.99. Tap to change,72×44,72×44,ok,,
se,menu,input,switch,checkbox,Mineral water: shown. Tap to hide,51×31,52×44,ok,,
se,menu,button,,button,Collapse Extra,44×44,44×44,ok,,
se,menu,button,,button,Extra13افزودنی,111×44,112×44,ok,,
se,menu,button,,button,Add item to Extra,67×44,67×44,ok,,
se,menu,button,,button,Section menu: Extra,44×44,44×44,ok,,
se,menu,input,switch,checkbox,Extra: shown. Tap to hide,51×31,51×44,ok,,
se,menu,button,,button,Edit Extra Beef Bacon,193×65,161×65,ok,,
se,menu,button,,button,Price $5.99. Tap to change,72×44,72×45,ok,,
se,menu,input,switch,checkbox,Extra Beef Bacon: shown. Tap to hide,51×31,52×45,ok,,
se,menu,button,,button,Edit Extra Bread (2 Slices),193×65,161×65,ok,,
se,menu,button,,button,Price $1.49. Tap to change,72×44,72×45,ok,,
se,menu,input,switch,checkbox,Extra Bread (2 Slices): shown. Tap to hide,51×31,52×45,ok,,
se,menu,button,,button,Edit Extra Sausage,193×65,161×65,ok,,
se,menu,button,,button,Price $5.99. Tap to change,72×44,72×45,ok,,
se,menu,input,switch,checkbox,Extra Sausage: shown. Tap to hide,51×31,52×45,ok,,
se,menu,button,,button,Edit Extra Egg,193×65,161×65,ok,,
se,menu,button,,button,Price $2.49. Tap to change,72×44,72×45,ok,,
se,menu,input,switch,checkbox,Extra Egg: shown. Tap to hide,51×31,52×45,ok,,
se,menu,button,,button,Edit Extra Sujuk,193×65,161×65,ok,,
se,menu,button,,button,Price $5.49. Tap to change,72×44,72×45,ok,,
se,menu,input,switch,checkbox,Extra Sujuk: shown. Tap to hide,51×31,52×45,ok,,
se,menu,button,,button,Edit Date,193×65,161×65,ok,,
se,menu,button,,button,Price $1.99. Tap to change,72×44,72×45,ok,,
se,menu,input,switch,checkbox,Date: shown. Tap to hide,51×31,52×45,ok,,
se,menu,button,,button,Edit Extra Honey,193×65,161×65,ok,,
se,menu,button,,button,Price $2.19. Tap to change,72×44,72×45,ok,,
se,menu,input,switch,checkbox,Extra Honey: shown. Tap to hide,51×31,52×45,ok,,
se,menu,button,,button,Edit Extra cheese,193×65,161×65,ok,,
se,menu,button,,button,Price $2.19. Tap to change,72×44,72×45,ok,,
se,menu,input,switch,checkbox,Extra cheese: shown. Tap to hide,51×31,52×45,ok,,
se,menu,button,,button,Edit Nutella,193×65,161×65,ok,,
se,menu,button,,button,Price $2.99. Tap to change,72×44,72×45,ok,,
se,menu,input,switch,checkbox,Nutella: shown. Tap to hide,51×31,52×45,ok,,
se,menu,button,,button,Edit Extra Gheymagh,193×65,161×65,ok,,
se,menu,button,,button,Price $16.49. Tap to change,72×44,72×45,ok,,
se,menu,input,switch,checkbox,Extra Gheymagh: shown. Tap to hide,51×31,52×45,ok,,
se,menu,button,,button,Edit Extra Mushroom,193×65,161×65,ok,,
se,menu,button,,button,Price $2.19. Tap to change,72×44,72×45,ok,,
se,menu,input,switch,checkbox,Extra Mushroom: shown. Tap to hide,51×31,52×45,ok,,
se,menu,button,,button,Edit Ginger shot,193×65,161×65,ok,,
se,menu,button,,button,Price $3.99. Tap to change,72×44,72×45,ok,,
se,menu,input,switch,checkbox,Ginger shot: shown. Tap to hide,51×31,52×45,ok,,
se,menu,button,,button,Edit Nabat,193×65,161×65,ok,,
se,menu,button,,button,Price $1.19. Tap to change,72×44,72×45,ok,,
se,menu,input,switch,checkbox,Nabat: shown. Tap to hide,51×31,52×45,ok,,
se,menu,button,,button,Add section,140×44,141×45,ok,,
se,menu: venue menu open,a,,,Roses Kebab Land,274×52,161×52,ok,,
se,menu: venue menu open,a,,,Senso Café & Bites,274×52,161×53,ok,,
se,menu: venue menu open,a,,,Add venue,274×57,161×58,ok,,
se,menu: account menu open,a,,,Customers’ page,254×44,161×44,ok,,
se,menu: account menu open,button,,submit,Sign out,238×44,161×45,ok,,
se,menu: section menu open,button,menuitem,button,Rename,182×44,161×44,ok,,
se,menu: section menu open,button,menuitem,button,Move up,182×44,161×44,ok,,
se,menu: section menu open,button,menuitem,button,Move down,182×44,161×44,ok,,
se,menu: section menu open,button,menuitem,button,Delete section,182×44,161×44,ok,,
se,menu: add item sheet,button,,button,Close,375×548,,covered,,input[Price].block.w-full
se,menu: add item sheet,button,,button,Close,44×44,44×45,ok,,
se,menu: add item sheet,input,,,Name,335×46,161×71,ok,label,
se,menu: add item sheet,input,,,Price,335×46,161×107,ok,label,
se,menu: add item sheet,input,,file,Choose a photo,1×1,130×45,ok,label,
se,menu: add item sheet,button,,submit,Add item,335×44,161×45,ok,,
se,menu: price being edited,input,,text,Price,96×44,96×44,ok,,
se,menu: item editor,button,,button,Price $16.49. Tap to change,72×44,,covered,,input[Price].block.w-full
se,menu: item editor,button,,button,DoneClose,81×44,82×44,ok,,
se,menu: item editor,input,,text,Name,343×46,161×70,ok,label,
se,menu: item editor,input,,text,Name (فارسی),343×46,161×70,ok,label,
se,menu: item editor,input,,text,Price,343×46,161×70,ok,label,
se,menu: item editor,input,,file,Choose a photo,1×1,158×44,ok,label,
se,menu: item editor,button,,button,Remove,91×44,91×44,ok,,
se,menu: item editor,input,switch,checkbox,Shown. Tap to hide,51×31,161×57,ok,label,
se,menu: item editor,button,,button,More,343×48,161×48,ok,,
se,menu: item editor,button,,button,Advanced,343×48,161×48,ok,,
se,"menu: item editor, More and Advanced open",button,,button,Price $16.49. Tap to change,72×44,,covered,,button.inline-flex.min-h-11
se,"menu: item editor, More and Advanced open",textarea,,,Description,343×96,161×120,ok,label,
se,"menu: item editor, More and Advanced open",textarea,,,Description (فارسی),343×96,161×120,ok,label,
se,"menu: item editor, More and Advanced open",button,,button,Add size,114×44,115×44,ok,,
se,"menu: item editor, More and Advanced open",input,,checkbox,Senso Signature,22×22,161×44,ok,label,
se,"menu: item editor, More and Advanced open",input,,checkbox,Hot Beverage,22×22,161×44,ok,label,
se,"menu: item editor, More and Advanced open",input,,checkbox,Tea & Herbal Tea,22×22,161×44,ok,label,
se,"menu: item editor, More and Advanced open",input,,checkbox,Cold Beverage,22×22,161×44,ok,label,
se,"menu: item editor, More and Advanced open",input,,checkbox,Fresh Juice,22×22,161×44,ok,label,
se,"menu: item editor, More and Advanced open",input,,checkbox,Dessert,22×22,161×44,ok,label,
se,"menu: item editor, More and Advanced open",input,,checkbox,Ice Cream,22×22,161×44,ok,label,
se,"menu: item editor, More and Advanced open",input,,checkbox,Milkshake,22×22,161×44,ok,label,
se,"menu: item editor, More and Advanced open",input,,checkbox,Persian Breakfast,22×22,161×44,ok,label,
se,"menu: item editor, More and Advanced open",input,,checkbox,Salad,22×22,161×44,ok,label,
se,"menu: item editor, More and Advanced open",input,,checkbox,Appetizer,22×22,161×44,ok,label,
se,"menu: item editor, More and Advanced open",input,,checkbox,Main Course,22×22,161×44,ok,label,
se,"menu: item editor, More and Advanced open",input,,checkbox,Senso Pizza,22×22,161×44,ok,label,
se,"menu: item editor, More and Advanced open",input,,checkbox,Beverage,22×22,161×44,ok,label,
se,"menu: item editor, More and Advanced open",input,,checkbox,Extra,22×22,161×44,ok,label,
se,"menu: item editor, More and Advanced open",button,,button,Move up,116×44,117×44,ok,,
se,"menu: item editor, More and Advanced open",button,,button,Move down,136×44,137×44,ok,,
se,"menu: item editor, More and Advanced open",input,,text,Serves,343×46,161×70,ok,label,
se,"menu: item editor, More and Advanced open",button,,button,Add a choice,145×44,146×44,ok,,
se,"menu: item editor, More and Advanced open",button,,button,Add a part,127×44,128×44,ok,,
se,"menu: item editor, More and Advanced open",input,,text,Allergens,343×46,161×90,ok,label,
se,"menu: item editor, More and Advanced open",input,,text,Dietary,343×46,161×90,ok,label,
se,"menu: item editor, More and Advanced open",input,,radio,Not set,22×22,111×44,ok,label,
se,"menu: item editor, More and Advanced open",input,,radio,Yes,22×22,111×44,ok,label,
se,"menu: item editor, More and Advanced open",input,,radio,No,22×22,111×44,ok,label,
se,"menu: item editor, More and Advanced open",input,,text,Note,343×46,161×70,ok,label,
se,"menu: item editor, More and Advanced open",input,,text,Note (فارسی),343×46,161×70,ok,label,
se,"menu: item editor, More and Advanced open",button,,button,Delete this item,167×44,161×44,ok,,
se,menu: Saved · Undo toast,button,,button,Price $16.74. Tap to change,72×44,72×44,ok,,
se,menu: Saved · Undo toast,button,,button,Undo,82×44,82×44,ok,,
se,menu: preview open,button,,button,Edit,72×44,72×44,ok,,
se,menu: preview open,button,,button,Welcome,81×36,81×44,ok,,
se,menu: preview open,button,,button,Menu,59×36,59×44,ok,,
se,menu: preview open,button,,button,Item popup,95×36,95×44,ok,,
se,menu: preview open,button,,button,Section list,94×36,94×44,ok,,
se,menu: preview open,button,,button,EN,44×36,44×44,ok,,
se,menu: preview open,button,,button,FA,44×36,45×44,ok,,
se,menu: preview open,button,,button,Replay the welcome animation,88×36,89×44,ok,,
se,menu: preview open,button,,button,Fall,45×36,46×44,ok,,
se,menu: preview open,button,,button,Winter,66×36,66×44,ok,,
se,menu: preview open,button,,button,Spring,65×36,65×44,ok,,
se,menu: preview open,button,,button,Summer,76×36,77×44,ok,,
se,menu: preview open,button,,button,Morning,76×36,76×44,ok,,
se,menu: preview open,button,,button,Afternoon,87×36,87×44,ok,,
se,menu: preview open,button,,button,Evening,73×36,74×44,ok,,
se,"menu: item editor, an item with add-ons",button,,button,DoneClose,81×44,82×44,ok,,
se,"menu: item editor, an item with add-ons",input,,text,Name,343×46,161×70,ok,label,
se,"menu: item editor, an item with add-ons",input,,text,Name (فارسی),343×46,161×70,ok,label,
se,"menu: item editor, an item with add-ons",input,,text,Price,343×46,161×70,ok,label,
se,"menu: item editor, an item with add-ons",input,,file,Choose a photo,1×1,158×44,ok,label,
se,"menu: item editor, an item with add-ons",button,,button,Remove,91×44,91×44,ok,,
se,"menu: item editor, an item with add-ons",input,switch,checkbox,Shown. Tap to hide,51×31,161×57,ok,label,
se,"menu: item editor, an item with add-ons",button,,button,More,343×48,161×48,ok,,
se,"menu: item editor, an item with add-ons",textarea,,,Description,343×96,161×120,ok,label,
se,"menu: item editor, an item with add-ons",textarea,,,Description (فارسی),343×96,161×120,ok,label,
se,"menu: item editor, an item with add-ons",button,,button,Add size,114×44,115×44,ok,,
se,"menu: item editor, an item with add-ons",input,,checkbox,Senso Signature,22×22,161×44,ok,label,
se,"menu: item editor, an item with add-ons",input,,checkbox,Hot Beverage,22×22,161×44,ok,label,
se,"menu: item editor, an item with add-ons",input,,checkbox,Tea & Herbal Tea,22×22,161×44,ok,label,
se,"menu: item editor, an item with add-ons",input,,checkbox,Cold Beverage,22×22,161×44,ok,label,
se,"menu: item editor, an item with add-ons",input,,checkbox,Fresh Juice,22×22,161×44,ok,label,
se,"menu: item editor, an item with add-ons",input,,checkbox,Dessert,22×22,161×44,ok,label,
se,"menu: item editor, an item with add-ons",input,,checkbox,Ice Cream,22×22,161×44,ok,label,
se,"menu: item editor, an item with add-ons",input,,checkbox,Milkshake,22×22,161×44,ok,label,
se,"menu: item editor, an item with add-ons",input,,checkbox,Persian Breakfast,22×22,161×44,ok,label,
se,"menu: item editor, an item with add-ons",input,,checkbox,Salad,22×22,161×44,ok,label,
se,"menu: item editor, an item with add-ons",input,,checkbox,Appetizer,22×22,161×44,ok,label,
se,"menu: item editor, an item with add-ons",input,,checkbox,Main Course,22×22,161×44,ok,label,
se,"menu: item editor, an item with add-ons",input,,checkbox,Senso Pizza,22×22,161×44,ok,label,
se,"menu: item editor, an item with add-ons",input,,checkbox,Beverage,22×22,161×44,ok,label,
se,"menu: item editor, an item with add-ons",input,,checkbox,Extra,22×22,161×44,ok,label,
se,"menu: item editor, an item with add-ons",button,,button,Move up,116×44,117×44,ok,,
se,"menu: item editor, an item with add-ons",button,,button,Move down,136×44,137×44,ok,,
se,"menu: item editor, an item with add-ons",input,,text,Serves,343×46,161×70,ok,label,
se,"menu: item editor, an item with add-ons",button,,button,Advanced,343×48,161×48,ok,,
se,"menu: item editor, an item with add-ons",input,,text,Add-on 1 group,161×46,161×46,ok,,
se,"menu: item editor, an item with add-ons",input,,text,Add-on 1 group (Persian),161×46,160×46,ok,,
se,"menu: item editor, an item with add-ons",input,,text,Add-on 1 choice,161×46,161×46,ok,,
se,"menu: item editor, an item with add-ons",input,,text,Add-on 1 choice (Persian),161×46,160×46,ok,,
se,"menu: item editor, an item with add-ons",input,,text,Add-on 1 extra price,112×46,112×46,ok,,
se,"menu: item editor, an item with add-ons",input,,checkbox,Required,22×22,87×44,ok,label,
se,"menu: item editor, an item with add-ons",button,,button,Remove add-on Add Atlantic Salmon,44×44,44×44,ok,,
se,"menu: item editor, an item with add-ons",input,,text,Add-on 2 group,161×46,161×46,ok,,
se,"menu: item editor, an item with add-ons",input,,text,Add-on 2 group (Persian),161×46,160×46,ok,,
se,"menu: item editor, an item with add-ons",input,,text,Add-on 2 choice,161×46,161×46,ok,,
se,"menu: item editor, an item with add-ons",input,,text,Add-on 2 choice (Persian),161×46,160×46,ok,,
se,"menu: item editor, an item with add-ons",input,,text,Add-on 2 extra price,112×46,112×46,ok,,
se,"menu: item editor, an item with add-ons",input,,checkbox,Required,22×22,87×44,ok,label,
se,"menu: item editor, an item with add-ons",button,,button,Remove add-on Add Chicken,44×44,44×44,ok,,
se,"menu: item editor, an item with add-ons",button,,button,Add a choice,145×44,146×44,ok,,
se,"menu: item editor, an item with add-ons",button,,button,Add a part,127×44,128×44,ok,,
se,"menu: item editor, an item with add-ons",input,,text,Allergens,343×46,161×90,ok,label,
se,"menu: item editor, an item with add-ons",input,,text,Dietary,343×46,161×90,ok,label,
se,"menu: item editor, an item with add-ons",input,,radio,Not set,22×22,111×44,ok,label,
se,"menu: item editor, an item with add-ons",input,,radio,Yes,22×22,111×44,ok,label,
se,"menu: item editor, an item with add-ons",input,,radio,No,22×22,111×44,ok,label,
se,"menu: item editor, an item with add-ons",input,,text,Note,343×46,161×70,ok,label,
se,"menu: item editor, an item with add-ons",input,,text,Note (فارسی),343×46,161×70,ok,label,
se,"menu: item editor, an item with add-ons",button,,button,Delete this item,167×44,161×44,ok,,
se,kebab-land menu,summary,,,Switch venue,180×44,161×45,ok,,
se,kebab-land menu,a,,,Team,81×44,82×45,ok,,
se,kebab-land menu,summary,,,Account,66×44,66×45,ok,,
se,kebab-land menu,a,,,Menu,67×36,69×44,ok,,
se,kebab-land menu,a,,,Style,64×36,65×44,ok,,
se,kebab-land menu,a,,,Details,77×36,78×44,ok,,
se,kebab-land menu,button,,button,Preview,101×44,101×44,ok,,
se,kebab-land menu,button,,button,102 Persian drafts,135×44,136×44,ok,,
se,kebab-land menu,button,,button,57 without a photo,138×44,139×44,ok,,
se,kebab-land menu,input,,search,Search items,169×44,161×44,ok,,
se,kebab-land menu,select,,,Jump to section,174×44,161×44,ok,,
se,kebab-land menu,button,,button,Collapse Appetizers,44×44,44×44,ok,,
se,kebab-land menu,button,,button,Appetizers8پیش‌غذاPersian draft,111×44,112×44,ok,,
se,kebab-land menu,button,,button,Add item to Appetizers,67×44,67×44,ok,,
se,kebab-land menu,button,,button,Section menu: Appetizers,44×44,44×44,ok,,
se,kebab-land menu,input,switch,checkbox,Appetizers: shown. Tap to hide,51×31,51×44,ok,,
se,kebab-land menu,button,,button,Edit Green Salad,193×65,161×65,ok,,
se,kebab-land menu,button,,button,Price $13.99. Tap to change,72×44,72×45,ok,,
se,kebab-land menu,input,switch,checkbox,Green Salad: shown. Tap to hide,51×31,52×45,ok,,
se,kebab-land menu,button,,button,Edit Yogurt with Shallot Dip (Maast o Moosir),193×87,161×88,ok,,
se,kebab-land menu,button,,button,Price $9.99. Tap to change,72×44,72×44,ok,,
se,kebab-land menu,input,switch,checkbox,Yogurt with Shallot Dip (Maast o Moosir): shown. Tap to hide,51×31,52×44,ok,,
se,kebab-land menu,button,,button,Edit Baba Ghanoosh,193×87,161×88,ok,,
se,kebab-land menu,button,,button,Price $11.99. Tap to change,72×44,72×44,ok,,
se,kebab-land menu,input,switch,checkbox,Baba Ghanoosh: shown. Tap to hide,51×31,52×44,ok,,
se,kebab-land menu,button,,button,Edit Fried Eggplant,193×87,161×88,ok,,
se,kebab-land menu,button,,button,Price $11.99. Tap to change,72×44,72×44,ok,,
se,kebab-land menu,input,switch,checkbox,Fried Eggplant: shown. Tap to hide,51×31,52×44,ok,,
se,kebab-land menu,button,,button,Edit Kashke Bademjan,193×87,161×88,ok,,
se,kebab-land menu,button,,button,Price $13.99. Tap to change,72×44,72×44,ok,,
se,kebab-land menu,input,switch,checkbox,Kashke Bademjan: shown. Tap to hide,51×31,52×44,ok,,
se,kebab-land menu,button,,button,Edit Zeytoon Parvarde,193×87,161×88,ok,,
se,kebab-land menu,button,,button,Price $11.99. Tap to change,72×44,72×44,ok,,
se,kebab-land menu,input,switch,checkbox,Zeytoon Parvarde: shown. Tap to hide,51×31,52×44,ok,,
se,kebab-land menu,button,,button,Edit Mixed Appetizer,193×87,161×88,ok,,
se,kebab-land menu,button,,button,Price $29.99. Tap to change,72×44,72×44,ok,,
se,kebab-land menu,input,switch,checkbox,Mixed Appetizer: shown. Tap to hide,51×31,52×44,ok,,
se,kebab-land menu,button,,button,Edit Mixed Appetizer Platter,193×65,161×65,ok,,
se,kebab-land menu,button,,button,Price $44.99. Tap to change,72×44,72×45,ok,,
se,kebab-land menu,input,switch,checkbox,Mixed Appetizer Platter: shown. Tap to hide,51×31,52×45,ok,,
se,kebab-land menu,button,,button,Collapse Main Menu,44×44,44×44,ok,,
se,kebab-land menu,button,,button,Main Menu15منوی اصلیPersian draft,111×44,113×44,ok,,
se,kebab-land menu,button,,button,Add item to Main Menu,67×44,67×44,ok,,
se,kebab-land menu,button,,button,Section menu: Main Menu,44×44,44×44,ok,,
se,kebab-land menu,input,switch,checkbox,Main Menu: shown. Tap to hide,51×31,51×44,ok,,
se,kebab-land menu,button,,button,Edit Bazari Koobideh Kebab,193×65,161×65,ok,,
se,kebab-land menu,button,,button,Price $28.99. Tap to change,72×44,72×45,ok,,
se,kebab-land menu,input,switch,checkbox,Bazari Koobideh Kebab: shown. Tap to hide,51×31,52×45,ok,,
se,kebab-land menu,button,,button,Edit Roses Koobideh Kebab,193×65,161×65,ok,,
se,kebab-land menu,button,,button,Price $31.99. Tap to change,72×44,72×45,ok,,
se,kebab-land menu,input,switch,checkbox,Roses Koobideh Kebab: shown. Tap to hide,51×31,52×45,ok,,
se,kebab-land menu,button,,button,Edit Barg Kebab,193×65,161×65,ok,,
se,kebab-land menu,button,,button,Price $39.99. Tap to change,72×44,72×45,ok,,
se,kebab-land menu,input,switch,checkbox,Barg Kebab: shown. Tap to hide,51×31,52×45,ok,,
se,kebab-land menu,button,,button,Edit Fillet Chenjeh Kebab,193×65,161×65,ok,,
se,kebab-land menu,button,,button,Price $37.99. Tap to change,72×44,72×45,ok,,
se,kebab-land menu,input,switch,checkbox,Fillet Chenjeh Kebab: shown. Tap to hide,51×31,52×45,ok,,
se,kebab-land menu,button,,button,Edit Gilaki Sour Kebab,193×65,161×65,ok,,
se,kebab-land menu,button,,button,Price $38.99. Tap to change,72×44,72×45,ok,,
se,kebab-land menu,input,switch,checkbox,Gilaki Sour Kebab: shown. Tap to hide,51×31,52×45,ok,,
se,kebab-land menu,button,,button,Edit Chicken Leg Kebab,193×65,161×65,ok,,
se,kebab-land menu,button,,button,Price $28.99. Tap to change,72×44,72×45,ok,,
se,kebab-land menu,input,switch,checkbox,Chicken Leg Kebab: shown. Tap to hide,51×31,52×45,ok,,
se,kebab-land menu,button,,button,Edit Chicken Breast Kebab,193×65,161×65,ok,,
se,kebab-land menu,button,,button,Price $29.99. Tap to change,72×44,72×45,ok,,
se,kebab-land menu,input,switch,checkbox,Chicken Breast Kebab: shown. Tap to hide,51×31,52×45,ok,,
se,kebab-land menu,button,,button,Edit Shekari Chicken Kebab,193×65,161×65,ok,,
se,kebab-land menu,button,,button,Price $33.99. Tap to change,72×44,72×45,ok,,
se,kebab-land menu,input,switch,checkbox,Shekari Chicken Kebab: shown. Tap to hide,51×31,52×45,ok,,
se,kebab-land menu,button,,button,Edit Akbar Joojeh,193×65,161×65,ok,,
se,kebab-land menu,button,,button,Price $29.99. Tap to change,72×44,72×45,ok,,
se,kebab-land menu,input,switch,checkbox,Akbar Joojeh: shown. Tap to hide,51×31,52×45,ok,,
se,kebab-land menu,button,,button,Edit Darbari Chicken Kebab,193×65,161×65,ok,,
se,kebab-land menu,button,,button,Price $34.99. Tap to change,72×44,72×45,ok,,
se,kebab-land menu,input,switch,checkbox,Darbari Chicken Kebab: shown. Tap to hide,51×31,52×45,ok,,
se,kebab-land menu,button,,button,Edit Shishlik Kebab,193×65,161×65,ok,,
se,kebab-land menu,button,,button,Price $49.99. Tap to change,72×44,72×45,ok,,
se,kebab-land menu,input,switch,checkbox,Shishlik Kebab: shown. Tap to hide,51×31,52×45,ok,,
se,kebab-land menu,button,,button,Edit Bakhtiari Kebab,193×65,161×65,ok,,
se,kebab-land menu,button,,button,Price $39.99. Tap to change,72×44,72×45,ok,,
se,kebab-land menu,input,switch,checkbox,Bakhtiari Kebab: shown. Tap to hide,51×31,52×45,ok,,
se,kebab-land menu,button,,button,Edit Special Bonab Kebab,193×65,161×65,ok,,
se,kebab-land menu,button,,button,Price $31.99. Tap to change,72×44,72×45,ok,,
se,kebab-land menu,input,switch,checkbox,Special Bonab Kebab: shown. Tap to hide,51×31,52×45,ok,,
se,kebab-land menu,button,,button,Edit Rainbow Fish,193×65,161×65,ok,,
se,kebab-land menu,button,,button,Price $43.99. Tap to change,72×44,72×45,ok,,
se,kebab-land menu,input,switch,checkbox,Rainbow Fish: shown. Tap to hide,51×31,52×45,ok,,
se,kebab-land menu,button,,button,Edit Stone Lamb Shanks,193×65,161×65,ok,,
se,kebab-land menu,button,,button,Price $31.99. Tap to change,72×44,72×45,ok,,
se,kebab-land menu,input,switch,checkbox,Stone Lamb Shanks: shown. Tap to hide,51×31,52×45,ok,,
se,kebab-land menu,button,,button,Collapse Chef's Special,44×44,44×45,ok,,
se,kebab-land menu,button,,button,Chef's Special8ویژه سرآشپزPersian draft,111×44,112×45,ok,,
se,kebab-land menu,button,,button,Add item to Chef's Special,67×44,67×45,ok,,
se,kebab-land menu,button,,button,Section menu: Chef's Special,44×44,44×45,ok,,
se,kebab-land menu,input,switch,checkbox,Chef's Special: shown. Tap to hide,51×31,51×45,ok,,
se,kebab-land menu,button,,button,Edit Jojeh Fesenjooni,193×65,161×65,ok,,
se,kebab-land menu,button,,button,Price $33.99. Tap to change,72×44,72×45,ok,,
se,kebab-land menu,input,switch,checkbox,Jojeh Fesenjooni: shown. Tap to hide,51×31,52×45,ok,,
se,kebab-land menu,button,,button,Edit Jojeh Avocado,193×65,161×65,ok,,
se,kebab-land menu,button,,button,Price $33.99. Tap to change,72×44,72×45,ok,,
se,kebab-land menu,input,switch,checkbox,Jojeh Avocado: shown. Tap to hide,51×31,52×45,ok,,
se,kebab-land menu,button,,button,Edit Jojeh Mix,193×65,161×65,ok,,
se,kebab-land menu,button,,button,Price $36.99. Tap to change,72×44,72×45,ok,,
se,kebab-land menu,input,switch,checkbox,Jojeh Mix: shown. Tap to hide,51×31,52×45,ok,,
se,kebab-land menu,button,,button,Edit Kaseh Kebab,193×65,161×65,ok,,
se,kebab-land menu,button,,button,Price $84.99. Tap to change,72×44,72×45,ok,,
se,kebab-land menu,input,switch,checkbox,Kaseh Kebab: shown. Tap to hide,51×31,52×45,ok,,
se,kebab-land menu,button,,button,Edit Tabrizi Barg Kebab,193×65,161×65,ok,,
se,kebab-land menu,button,,button,Price $45.99. Tap to change,72×44,72×45,ok,,
se,kebab-land menu,input,switch,checkbox,Tabrizi Barg Kebab: shown. Tap to hide,51×31,52×45,ok,,
se,kebab-land menu,button,,button,Edit Special Chef Dish,193×65,161×65,ok,,
se,kebab-land menu,button,,button,Price $79.99. Tap to change,72×44,72×45,ok,,
se,kebab-land menu,input,switch,checkbox,Special Chef Dish: shown. Tap to hide,51×31,52×45,ok,,
se,kebab-land menu,button,,button,Edit Chicken Rolled Fillet,193×65,161×65,ok,,
se,kebab-land menu,button,,button,Price $32.99. Tap to change,72×44,72×45,ok,,
se,kebab-land menu,input,switch,checkbox,Chicken Rolled Fillet: shown. Tap to hide,51×31,52×45,ok,,
se,kebab-land menu,button,,button,Edit Rolled Fillet Kebab,193×65,161×65,ok,,
se,kebab-land menu,button,,button,Price $49.99. Tap to change,72×44,72×45,ok,,
se,kebab-land menu,input,switch,checkbox,Rolled Fillet Kebab: shown. Tap to hide,51×31,52×45,ok,,
se,kebab-land menu,button,,button,Collapse Mixed Kebabs,44×44,44×45,ok,,
se,kebab-land menu,button,,button,Mixed Kebabs7کباب‌های ترکیبیPersian draft,111×44,112×45,ok,,
se,kebab-land menu,button,,button,Add item to Mixed Kebabs,67×44,67×45,ok,,
se,kebab-land menu,button,,button,Section menu: Mixed Kebabs,44×44,44×45,ok,,
se,kebab-land menu,input,switch,checkbox,Mixed Kebabs: shown. Tap to hide,51×31,51×45,ok,,
se,kebab-land menu,button,,button,Edit Salari Kebab,193×65,161×65,ok,,
se,kebab-land menu,button,,button,Price $38.99. Tap to change,72×44,72×45,ok,,
se,kebab-land menu,input,switch,checkbox,Salari Kebab: shown. Tap to hide,51×31,52×45,ok,,
se,kebab-land menu,button,,button,Edit Soltani Kebab,193×65,161×65,ok,,
se,kebab-land menu,button,,button,Price $48.99. Tap to change,72×44,72×45,ok,,
se,kebab-land menu,input,switch,checkbox,Soltani Kebab: shown. Tap to hide,51×31,52×45,ok,,
se,kebab-land menu,button,,button,Edit Mohtasham,193×65,161×65,ok,,
se,kebab-land menu,button,,button,Price $63.99. Tap to change,72×44,72×45,ok,,
se,kebab-land menu,input,switch,checkbox,Mohtasham: shown. Tap to hide,51×31,52×45,ok,,
se,kebab-land menu,button,,button,Edit Mozaffari Kebab,193×65,161×65,ok,,
se,kebab-land menu,button,,button,Price $45.99. Tap to change,72×44,72×45,ok,,
se,kebab-land menu,input,switch,checkbox,Mozaffari Kebab: shown. Tap to hide,51×31,52×45,ok,,
se,kebab-land menu,button,,button,Edit Amiri Kebab,193×65,161×65,ok,,
se,kebab-land menu,button,,button,Price $56.99. Tap to change,72×44,72×45,ok,,
se,kebab-land menu,input,switch,checkbox,Amiri Kebab: shown. Tap to hide,51×31,52×45,ok,,
se,kebab-land menu,button,,button,Edit Vaziri Kebab,193×65,161×65,ok,,
se,kebab-land menu,button,,button,Price $37.99. Tap to change,72×44,72×45,ok,,
se,kebab-land menu,input,switch,checkbox,Vaziri Kebab: shown. Tap to hide,51×31,52×45,ok,,
se,kebab-land menu,button,,button,Edit Yeylaghi,193×65,161×65,ok,,
se,kebab-land menu,button,,button,Price $48.99. Tap to change,72×44,72×45,ok,,
se,kebab-land menu,input,switch,checkbox,Yeylaghi: shown. Tap to hide,51×31,52×45,ok,,
se,kebab-land menu,button,,button,Collapse Platters,44×44,44×44,ok,,
se,kebab-land menu,button,,button,Platters6سینی‌هاPersian draft,111×44,112×44,ok,,
se,kebab-land menu,button,,button,Add item to Platters,67×44,67×44,ok,,
se,kebab-land menu,button,,button,Section menu: Platters,44×44,44×44,ok,,
se,kebab-land menu,input,switch,checkbox,Platters: shown. Tap to hide,51×31,51×44,ok,,
se,kebab-land menu,button,,button,Edit Platter 1,193×65,161×65,ok,,
se,kebab-land menu,button,,button,Price $86.99. Tap to change,72×44,72×45,ok,,
se,kebab-land menu,input,switch,checkbox,Platter 1: shown. Tap to hide,51×31,52×45,ok,,
se,kebab-land menu,button,,button,Edit Platter 2,193×65,161×65,ok,,
se,kebab-land menu,button,,button,Price $95.99. Tap to change,72×44,72×45,ok,,
se,kebab-land menu,input,switch,checkbox,Platter 2: shown. Tap to hide,51×31,52×45,ok,,
se,kebab-land menu,button,,button,Edit Platter 3,187×65,161×65,ok,,
se,kebab-land menu,button,,button,Price $150.99. Tap to change,78×44,78×45,ok,,
se,kebab-land menu,input,switch,checkbox,Platter 3: shown. Tap to hide,51×31,52×45,ok,,
se,kebab-land menu,button,,button,Edit Platter 4,187×65,161×65,ok,,
se,kebab-land menu,button,,button,Price $157.99. Tap to change,78×44,78×45,ok,,
se,kebab-land menu,input,switch,checkbox,Platter 4: shown. Tap to hide,51×31,52×45,ok,,
se,kebab-land menu,button,,button,Edit Platter 5,187×65,161×65,ok,,
se,kebab-land menu,button,,button,Price $137.99. Tap to change,78×44,78×45,ok,,
se,kebab-land menu,input,switch,checkbox,Platter 5: shown. Tap to hide,51×31,52×45,ok,,
se,kebab-land menu,button,,button,Edit Platter 6,187×65,161×65,ok,,
se,kebab-land menu,button,,button,Price $146.99. Tap to change,78×44,78×45,ok,,
se,kebab-land menu,input,switch,checkbox,Platter 6: shown. Tap to hide,51×31,52×45,ok,,
se,kebab-land menu,button,,button,Collapse Drinks,44×44,44×44,ok,,
se,kebab-land menu,button,,button,Drinks4نوشیدنی‌هاPersian draft,111×44,112×44,ok,,
se,kebab-land menu,button,,button,Add item to Drinks,67×44,67×44,ok,,
se,kebab-land menu,button,,button,Section menu: Drinks,44×44,44×44,ok,,
se,kebab-land menu,input,switch,checkbox,Drinks: shown. Tap to hide,51×31,51×44,ok,,
se,kebab-land menu,button,,button,Edit Walnut Yogurt Drink,193×87,161×87,ok,,
se,kebab-land menu,button,,button,Price $12.99. Tap to change,72×44,72×45,ok,,
se,kebab-land menu,input,switch,checkbox,Walnut Yogurt Drink: shown. Tap to hide,51×31,52×45,ok,,
se,kebab-land menu,button,,button,Edit Shallot (Moosir) Yogurt Drink,193×87,161×87,ok,,
se,kebab-land menu,button,,button,Price $12.99. Tap to change,72×44,72×45,ok,,
se,kebab-land menu,input,switch,checkbox,Shallot (Moosir) Yogurt Drink: shown. Tap to hide,51×31,52×45,ok,,
se,kebab-land menu,button,,button,Edit Local Yogurt Moosir,193×87,161×87,ok,,
se,kebab-land menu,button,,button,Price $12.99. Tap to change,72×44,72×45,ok,,
se,kebab-land menu,input,switch,checkbox,Local Yogurt Moosir: shown. Tap to hide,51×31,52×45,ok,,
se,kebab-land menu,button,,button,Edit Soft Drink,193×87,161×87,ok,,
se,kebab-land menu,button,,button,Price $5. Tap to change,72×44,72×45,ok,,
se,kebab-land menu,input,switch,checkbox,Soft Drink: shown. Tap to hide,51×31,52×45,ok,,
se,kebab-land menu,button,,button,Collapse Dessert,44×44,44×44,ok,,
se,kebab-land menu,button,,button,Dessert5دسرPersian draft,111×44,112×44,ok,,
se,kebab-land menu,button,,button,Add item to Dessert,67×44,67×44,ok,,
se,kebab-land menu,button,,button,Section menu: Dessert,44×44,44×44,ok,,
se,kebab-land menu,input,switch,checkbox,Dessert: shown. Tap to hide,51×31,51×44,ok,,
se,kebab-land menu,button,,button,Edit Baklava,193×87,161×87,ok,,
se,kebab-land menu,button,,button,Price $9.99. Tap to change,72×44,72×45,ok,,
se,kebab-land menu,input,switch,checkbox,Baklava: shown. Tap to hide,51×31,52×45,ok,,
se,kebab-land menu,button,,button,Edit Tiramisu cake,193×87,161×87,ok,,
se,kebab-land menu,button,,button,Price $9.99. Tap to change,72×44,72×45,ok,,
se,kebab-land menu,input,switch,checkbox,Tiramisu cake: shown. Tap to hide,51×31,52×45,ok,,
se,kebab-land menu,button,,button,Edit Pistachio cake,193×87,161×87,ok,,
se,kebab-land menu,button,,button,Price $9.99. Tap to change,72×44,72×45,ok,,
se,kebab-land menu,input,switch,checkbox,Pistachio cake: shown. Tap to hide,51×31,52×45,ok,,
se,kebab-land menu,button,,button,Edit Nutella cake,193×87,161×87,ok,,
se,kebab-land menu,button,,button,Price $9.99. Tap to change,72×44,72×45,ok,,
se,kebab-land menu,input,switch,checkbox,Nutella cake: shown. Tap to hide,51×31,52×45,ok,,
se,kebab-land menu,button,,button,Edit Caramel and hazelnut cake,193×87,161×87,ok,,
se,kebab-land menu,button,,button,Price $9.99. Tap to change,72×44,72×45,ok,,
se,kebab-land menu,input,switch,checkbox,Caramel and hazelnut cake: shown. Tap to hide,51×31,52×45,ok,,
se,kebab-land menu,button,,button,Collapse Summer Sip,44×44,44×44,ok,,
se,kebab-land menu,button,,button,Summer Sip1نوشیدنی تابستانیPersian draft,111×44,112×44,ok,,
se,kebab-land menu,button,,button,Add item to Summer Sip,67×44,67×44,ok,,
se,kebab-land menu,button,,button,Section menu: Summer Sip,44×44,44×44,ok,,
se,kebab-land menu,input,switch,checkbox,Summer Sip: shown. Tap to hide,51×31,51×44,ok,,
se,kebab-land menu,button,,button,Edit Tutti Trend,193×65,161×65,ok,,
se,kebab-land menu,button,,button,Price $14.99. Tap to change,72×44,72×45,ok,,
se,kebab-land menu,input,switch,checkbox,Tutti Trend: shown. Tap to hide,51×31,52×45,ok,,
se,kebab-land menu,button,,button,Collapse Must Try,44×44,44×45,ok,,
se,kebab-land menu,button,,button,Must Try1حتماً امتحان کنیدPersian draft,111×44,112×45,ok,,
se,kebab-land menu,button,,button,Add item to Must Try,67×44,67×45,ok,,
se,kebab-land menu,button,,button,Section menu: Must Try,44×44,44×45,ok,,
se,kebab-land menu,input,switch,checkbox,Must Try: shown. Tap to hide,51×31,51×45,ok,,
se,kebab-land menu,button,,button,Edit Sultan’s Goblet,193×65,161×65,ok,,
se,kebab-land menu,button,,button,Price $14.99. Tap to change,72×44,72×45,ok,,
se,kebab-land menu,input,switch,checkbox,Sultan’s Goblet: shown. Tap to hide,51×31,52×45,ok,,
se,kebab-land menu,button,,button,Collapse Classics,44×44,44×44,ok,,
se,kebab-land menu,button,,button,Classics0کلاسیک‌هاPersian draft,111×44,112×44,ok,,
se,kebab-land menu,button,,button,Add item to Classics,67×44,67×44,ok,,
se,kebab-land menu,button,,button,Section menu: Classics,44×44,44×44,ok,,
se,kebab-land menu,input,switch,checkbox,Classics: shown. Tap to hide,51×31,51×44,ok,,
se,kebab-land menu,button,,button,Add the first item,113×44,114×44,ok,,
se,kebab-land menu,button,,button,Collapse Beer,44×44,44×44,ok,,
se,kebab-land menu,button,,button,Beer1آبجوPersian draft,111×44,112×44,ok,,
se,kebab-land menu,button,,button,Add item to Beer,67×44,67×44,ok,,
se,kebab-land menu,button,,button,Section menu: Beer,44×44,44×44,ok,,
se,kebab-land menu,input,switch,checkbox,Beer: shown. Tap to hide,51×31,51×44,ok,,
se,kebab-land menu,button,,button,Edit Persian Draft Beer,193×65,161×65,ok,,
se,kebab-land menu,button,,button,Price $10.99. Tap to change,72×44,72×45,ok,,
se,kebab-land menu,input,switch,checkbox,Persian Draft Beer: shown. Tap to hide,51×31,52×45,ok,,
se,kebab-land menu,button,,button,Collapse Sake,44×44,44×45,ok,,
se,kebab-land menu,button,,button,Sake1ساکهPersian draft,111×44,112×45,ok,,
se,kebab-land menu,button,,button,Add item to Sake,67×44,67×45,ok,,
se,kebab-land menu,button,,button,Section menu: Sake,44×44,44×45,ok,,
se,kebab-land menu,input,switch,checkbox,Sake: shown. Tap to hide,51×31,51×45,ok,,
se,kebab-land menu,button,,button,Edit Sake,193×65,161×65,ok,,
se,kebab-land menu,button,,button,Price $70. Tap to change,72×44,72×45,ok,,
se,kebab-land menu,input,switch,checkbox,Sake: shown. Tap to hide,51×31,52×45,ok,,
se,kebab-land menu,button,,button,Collapse Cocktails,44×44,44×44,ok,,
se,kebab-land menu,button,,button,Cocktails21کوکتل‌هاPersian draft,111×44,113×44,ok,,
se,kebab-land menu,button,,button,Add item to Cocktails,67×44,67×44,ok,,
se,kebab-land menu,button,,button,Section menu: Cocktails,44×44,44×44,ok,,
se,kebab-land menu,input,switch,checkbox,Cocktails: shown. Tap to hide,51×31,51×44,ok,,
se,kebab-land menu,button,,button,Edit Classic Mojito,193×65,161×65,ok,,
se,kebab-land menu,button,,button,Price $12. Tap to change,72×44,72×45,ok,,
se,kebab-land menu,input,switch,checkbox,Classic Mojito: shown. Tap to hide,51×31,52×45,ok,,
se,kebab-land menu,button,,button,Edit Rose Cesar,193×65,161×65,ok,,
se,kebab-land menu,button,,button,Price $12. Tap to change,72×44,72×45,ok,,
se,kebab-land menu,input,switch,checkbox,Rose Cesar: shown. Tap to hide,51×31,52×45,ok,,
se,kebab-land menu,button,,button,Edit Red Wine Sangria,183×65,161×65,ok,,
se,kebab-land menu,button,,button,Sizes: $15–$30. Tap to edit,82×44,83×45,ok,,
se,kebab-land menu,input,switch,checkbox,Red Wine Sangria: shown. Tap to hide,51×31,52×45,ok,,
se,kebab-land menu,button,,button,Edit Persian Dreams,193×87,161×88,ok,,
se,kebab-land menu,button,,button,Price $12. Tap to change,72×44,72×44,ok,,
se,kebab-land menu,input,switch,checkbox,Persian Dreams: shown. Tap to hide,51×31,52×44,ok,,
se,kebab-land menu,button,,button,Edit Classic Mojito Virgin,193×87,161×88,ok,,
se,kebab-land menu,button,,button,Price $8. Tap to change,72×44,72×44,ok,,
se,kebab-land menu,input,switch,checkbox,Classic Mojito Virgin: shown. Tap to hide,51×31,52×44,ok,,
se,kebab-land menu,button,,button,Edit Fresh Berry Mojito-Virgin,193×87,161×88,ok,,
se,kebab-land menu,button,,button,Price $8. Tap to change,72×44,72×44,ok,,
se,kebab-land menu,input,switch,checkbox,Fresh Berry Mojito-Virgin: shown. Tap to hide,51×31,52×44,ok,,
se,kebab-land menu,button,,button,Edit Fresh Berry Mojito,193×87,161×88,ok,,
se,kebab-land menu,button,,button,Price $12. Tap to change,72×44,72×44,ok,,
se,kebab-land menu,input,switch,checkbox,Fresh Berry Mojito: shown. Tap to hide,51×31,52×44,ok,,
se,kebab-land menu,button,,button,Edit Cucumber Gin Mojito,193×87,161×88,ok,,
se,kebab-land menu,button,,button,Price $12. Tap to change,72×44,72×44,ok,,
se,kebab-land menu,input,switch,checkbox,Cucumber Gin Mojito: shown. Tap to hide,51×31,52×44,ok,,
se,kebab-land menu,button,,button,"Edit Strawberry, Basil Margarita",193×87,161×88,ok,,
se,kebab-land menu,button,,button,Price $15. Tap to change,72×44,72×44,ok,,
se,kebab-land menu,input,switch,checkbox,"Strawberry, Basil Margarita: shown. Tap to hide",51×31,52×44,ok,,
se,kebab-land menu,button,,button,Edit Silk Rose Martini,193×87,161×88,ok,,
se,kebab-land menu,button,,button,Price $15. Tap to change,72×44,72×44,ok,,
se,kebab-land menu,input,switch,checkbox,Silk Rose Martini: shown. Tap to hide,51×31,52×44,ok,,
se,kebab-land menu,button,,button,Edit Rose Water Martini,193×87,161×88,ok,,
se,kebab-land menu,button,,button,Price $15. Tap to change,72×44,72×44,ok,,
se,kebab-land menu,input,switch,checkbox,Rose Water Martini: shown. Tap to hide,51×31,52×44,ok,,
se,kebab-land menu,button,,button,Edit Long Island Ice tea,193×87,161×88,ok,,
se,kebab-land menu,button,,button,Price $14. Tap to change,72×44,72×44,ok,,
se,kebab-land menu,input,switch,checkbox,Long Island Ice tea: shown. Tap to hide,51×31,52×44,ok,,
se,kebab-land menu,button,,button,Edit Sex on the Beach,193×87,161×88,ok,,
se,kebab-land menu,button,,button,Price $14. Tap to change,72×44,72×44,ok,,
se,kebab-land menu,input,switch,checkbox,Sex on the Beach: shown. Tap to hide,51×31,52×44,ok,,
se,kebab-land menu,button,,button,Edit Blue Lagoon,193×87,161×88,ok,,
se,kebab-land menu,button,,button,Price $13. Tap to change,72×44,72×44,ok,,
se,kebab-land menu,input,switch,checkbox,Blue Lagoon: shown. Tap to hide,51×31,52×44,ok,,
se,kebab-land menu,button,,button,Edit Tequila Sunrise,193×87,161×88,ok,,
se,kebab-land menu,button,,button,Price $12. Tap to change,72×44,72×44,ok,,
se,kebab-land menu,input,switch,checkbox,Tequila Sunrise: shown. Tap to hide,51×31,52×44,ok,,
se,kebab-land menu,button,,button,Edit Rose Cesar – Virgin,193×87,161×88,ok,,
se,kebab-land menu,button,,button,Price $8. Tap to change,72×44,72×44,ok,,
se,kebab-land menu,input,switch,checkbox,Rose Cesar – Virgin: shown. Tap to hide,51×31,52×44,ok,,
se,kebab-land menu,button,,button,Edit Black Russian,193×87,161×88,ok,,
se,kebab-land menu,button,,button,Price $11. Tap to change,72×44,72×44,ok,,
se,kebab-land menu,input,switch,checkbox,Black Russian: shown. Tap to hide,51×31,52×44,ok,,
se,kebab-land menu,button,,button,Edit Electric Margarita,193×87,161×88,ok,,
se,kebab-land menu,button,,button,Price $15. Tap to change,72×44,72×44,ok,,
se,kebab-land menu,input,switch,checkbox,Electric Margarita: shown. Tap to hide,51×31,52×44,ok,,
se,kebab-land menu,button,,button,Edit Baileys Shot,193×87,161×88,ok,,
se,kebab-land menu,button,,button,Price $9. Tap to change,72×44,72×44,ok,,
se,kebab-land menu,input,switch,checkbox,Baileys Shot: shown. Tap to hide,51×31,52×44,ok,,
se,kebab-land menu,button,,button,Edit Gin & Tonic,193×87,161×88,ok,,
se,kebab-land menu,button,,button,Price $13. Tap to change,72×44,72×44,ok,,
se,kebab-land menu,input,switch,checkbox,Gin & Tonic: shown. Tap to hide,51×31,52×44,ok,,
se,kebab-land menu,button,,button,Edit Jägermeister,193×87,161×88,ok,,
se,kebab-land menu,button,,button,Price $8. Tap to change,72×44,72×44,ok,,
se,kebab-land menu,input,switch,checkbox,Jägermeister: shown. Tap to hide,51×31,52×44,ok,,
se,kebab-land menu,button,,button,Collapse Vodka,44×44,44×45,ok,,
se,kebab-land menu,button,,button,Vodka3ودکاPersian draft,111×44,112×45,ok,,
se,kebab-land menu,button,,button,Add item to Vodka,67×44,67×45,ok,,
se,kebab-land menu,button,,button,Section menu: Vodka,44×44,44×45,ok,,
se,kebab-land menu,input,switch,checkbox,Vodka: shown. Tap to hide,51×31,51×45,ok,,
se,kebab-land menu,button,,button,Edit Ketel One,183×87,161×88,ok,,
se,kebab-land menu,button,,button,Sizes: $7–$120. Tap to edit,82×44,83×44,ok,,
se,kebab-land menu,input,switch,checkbox,Ketel One: shown. Tap to hide,51×31,52×44,ok,,
se,kebab-land menu,button,,button,Edit Grey Goose,183×87,161×88,ok,,
se,kebab-land menu,button,,button,Sizes: $8–$150. Tap to edit,82×44,83×44,ok,,
se,kebab-land menu,input,switch,checkbox,Grey Goose: shown. Tap to hide,51×31,52×44,ok,,
se,kebab-land menu,button,,button,Edit Ciroc Peach,183×87,161×88,ok,,
se,kebab-land menu,button,,button,Sizes: $9–$135. Tap to edit,82×44,83×44,ok,,
se,kebab-land menu,input,switch,checkbox,Ciroc Peach: shown. Tap to hide,51×31,52×44,ok,,
se,kebab-land menu,button,,button,Collapse Whiskey,44×44,44×45,ok,,
se,kebab-land menu,button,,button,Whiskey4ویسکیPersian draft,111×44,112×45,ok,,
se,kebab-land menu,button,,button,Add item to Whiskey,67×44,67×45,ok,,
se,kebab-land menu,button,,button,Section menu: Whiskey,44×44,44×45,ok,,
se,kebab-land menu,input,switch,checkbox,Whiskey: shown. Tap to hide,51×31,51×45,ok,,
se,kebab-land menu,button,,button,Edit Crown Royal,183×87,161×88,ok,,
se,kebab-land menu,button,,button,Sizes: $7–$120. Tap to edit,82×44,83×44,ok,,
se,kebab-land menu,input,switch,checkbox,Crown Royal: shown. Tap to hide,51×31,52×44,ok,,
se,kebab-land menu,button,,button,Edit Jameson,183×87,161×88,ok,,
se,kebab-land menu,button,,button,Sizes: $8–$140. Tap to edit,82×44,83×44,ok,,
se,kebab-land menu,input,switch,checkbox,Jameson: shown. Tap to hide,51×31,52×44,ok,,
se,kebab-land menu,button,,button,Edit Black Label,183×87,161×88,ok,,
se,kebab-land menu,button,,button,Sizes: $8–$150. Tap to edit,82×44,83×44,ok,,
se,kebab-land menu,input,switch,checkbox,Black Label: shown. Tap to hide,51×31,52×44,ok,,
se,kebab-land menu,button,,button,Edit Glenfiddich 12,173×87,161×88,ok,,
se,kebab-land menu,button,,button,Sizes: $12–$150. Tap to edit,92×44,92×44,ok,,
se,kebab-land menu,input,switch,checkbox,Glenfiddich 12: shown. Tap to hide,51×31,52×44,ok,,
se,kebab-land menu,button,,button,Collapse Wine Bottles,44×44,44×45,ok,,
se,kebab-land menu,button,,button,Wine Bottles7بطری شرابPersian draft,111×44,112×45,ok,,
se,kebab-land menu,button,,button,Add item to Wine Bottles,67×44,67×45,ok,,
se,kebab-land menu,button,,button,Section menu: Wine Bottles,44×44,44×45,ok,,
se,kebab-land menu,input,switch,checkbox,Wine Bottles: shown. Tap to hide,51×31,51×45,ok,,
se,kebab-land menu,button,,button,Edit Merlot (France),193×87,161×88,ok,,
se,kebab-land menu,button,,button,Price $40. Tap to change,72×44,72×44,ok,,
se,kebab-land menu,input,switch,checkbox,Merlot (France): shown. Tap to hide,51×31,52×44,ok,,
se,kebab-land menu,button,,button,Edit Shiraz (Australia),193×87,161×88,ok,,
se,kebab-land menu,button,,button,Price $45. Tap to change,72×44,72×44,ok,,
se,kebab-land menu,input,switch,checkbox,Shiraz (Australia): shown. Tap to hide,51×31,52×44,ok,,
se,kebab-land menu,button,,button,Edit Cabernet,193×87,161×88,ok,,
se,kebab-land menu,button,,button,Price $50. Tap to change,72×44,72×44,ok,,
se,kebab-land menu,input,switch,checkbox,Cabernet: shown. Tap to hide,51×31,52×44,ok,,
se,kebab-land menu,button,,button,Edit Venato (Italy),193×87,161×88,ok,,
se,kebab-land menu,button,,button,Price $100. Tap to change,72×44,72×44,ok,,
se,kebab-land menu,input,switch,checkbox,Venato (Italy): shown. Tap to hide,51×31,52×44,ok,,
se,kebab-land menu,button,,button,Edit Borsao (Spain),193×87,161×88,ok,,
se,kebab-land menu,button,,button,Price $100. Tap to change,72×44,72×44,ok,,
se,kebab-land menu,input,switch,checkbox,Borsao (Spain): shown. Tap to hide,51×31,52×44,ok,,
se,kebab-land menu,button,,button,Edit Bordeaux (France),193×87,161×88,ok,,
se,kebab-land menu,button,,button,Price $120. Tap to change,72×44,72×44,ok,,
se,kebab-land menu,input,switch,checkbox,Bordeaux (France): shown. Tap to hide,51×31,52×44,ok,,
se,kebab-land menu,button,,button,Edit Pinot Noir (France),193×87,161×88,ok,,
se,kebab-land menu,button,,button,Price $150. Tap to change,72×44,72×44,ok,,
se,kebab-land menu,input,switch,checkbox,Pinot Noir (France): shown. Tap to hide,51×31,52×44,ok,,
se,kebab-land menu,button,,button,Collapse Traditional Spirits,44×44,44×45,ok,,
se,kebab-land menu,button,,button,Traditional Spirits2عرق‌های سنتیPersian draft,111×44,112×45,ok,,
se,kebab-land menu,button,,button,Add item to Traditional Spirits,67×44,67×45,ok,,
se,kebab-land menu,button,,button,Section menu: Traditional Spirits,44×44,44×45,ok,,
se,kebab-land menu,input,switch,checkbox,Traditional Spirits: shown. Tap to hide,51×31,51×45,ok,,
se,kebab-land menu,button,,button,Edit Raki,193×87,161×88,ok,,
se,kebab-land menu,button,,button,Price $19.99. Tap to change,72×44,72×44,ok,,
se,kebab-land menu,input,switch,checkbox,Raki: shown. Tap to hide,51×31,52×44,ok,,
se,kebab-land menu,button,,button,Edit Aragh Sagi,193×87,161×88,ok,,
se,kebab-land menu,button,,button,Price $9.99. Tap to change,72×44,72×44,ok,,
se,kebab-land menu,input,switch,checkbox,Aragh Sagi: shown. Tap to hide,51×31,52×44,ok,,
se,kebab-land menu,button,,button,Collapse Wine,44×44,44×45,ok,,
se,kebab-land menu,button,,button,Wine8شرابPersian draft,111×44,112×45,ok,,
se,kebab-land menu,button,,button,Add item to Wine,67×44,67×45,ok,,
se,kebab-land menu,button,,button,Section menu: Wine,44×44,44×45,ok,,
se,kebab-land menu,input,switch,checkbox,Wine: shown. Tap to hide,51×31,51×45,ok,,
se,kebab-land menu,button,,button,Edit Pinot Grigio,192×87,161×88,ok,,
se,kebab-land menu,button,,button,Sizes: $9–$13. Tap to edit,73×44,73×44,ok,,
se,kebab-land menu,input,switch,checkbox,Pinot Grigio: shown. Tap to hide,51×31,52×44,ok,,
se,kebab-land menu,button,,button,Edit Sauvignon Blanc,183×87,161×88,ok,,
se,kebab-land menu,button,,button,Sizes: $10–$14. Tap to edit,82×44,83×44,ok,,
se,kebab-land menu,input,switch,checkbox,Sauvignon Blanc: shown. Tap to hide,51×31,52×44,ok,,
se,kebab-land menu,button,,button,Edit Chardonnay,183×87,161×88,ok,,
se,kebab-land menu,button,,button,Sizes: $11–$16. Tap to edit,82×44,83×44,ok,,
se,kebab-land menu,input,switch,checkbox,Chardonnay: shown. Tap to hide,51×31,52×44,ok,,
se,kebab-land menu,button,,button,Edit Shiraz,183×87,161×88,ok,,
se,kebab-land menu,button,,button,Sizes: $11–$16. Tap to edit,82×44,83×44,ok,,
se,kebab-land menu,input,switch,checkbox,Shiraz: shown. Tap to hide,51×31,52×44,ok,,
se,kebab-land menu,button,,button,Edit Cab Sauv,183×87,161×88,ok,,
se,kebab-land menu,button,,button,Sizes: $12–$17. Tap to edit,82×44,83×44,ok,,
se,kebab-land menu,input,switch,checkbox,Cab Sauv: shown. Tap to hide,51×31,52×44,ok,,
se,kebab-land menu,button,,button,Edit Merlot,183×87,161×88,ok,,
se,kebab-land menu,button,,button,Sizes: $11–$14. Tap to edit,82×44,83×44,ok,,
se,kebab-land menu,input,switch,checkbox,Merlot: shown. Tap to hide,51×31,52×44,ok,,
se,kebab-land menu,button,,button,Edit Rose,183×87,161×88,ok,,
se,kebab-land menu,button,,button,Sizes: $12–$17. Tap to edit,82×44,83×44,ok,,
se,kebab-land menu,input,switch,checkbox,Rose: shown. Tap to hide,51×31,52×44,ok,,
se,kebab-land menu,button,,button,Edit Prosecco,220×65,161×65,ok,,
se,kebab-land menu,button,,button,Sizes: $12. Tap to edit,45×44,45×45,ok,,
se,kebab-land menu,input,switch,checkbox,Prosecco: shown. Tap to hide,51×31,52×45,ok,,
se,kebab-land menu,button,,button,Add section,140×44,141×44,ok,,
se,"kebab-land: item editor, an item with sizes",button,,button,DoneClose,81×44,82×44,ok,,
se,"kebab-land: item editor, an item with sizes",input,,text,Name,343×46,161×70,ok,label,
se,"kebab-land: item editor, an item with sizes",input,,text,Name (فارسی),343×46,161×70,ok,label,
se,"kebab-land: item editor, an item with sizes",input,,file,Choose a photo,1×1,158×45,ok,label,
se,"kebab-land: item editor, an item with sizes",button,,button,Remove,91×44,91×45,ok,,
se,"kebab-land: item editor, an item with sizes",input,switch,checkbox,Shown. Tap to hide,51×31,161×58,ok,label,
se,"kebab-land: item editor, an item with sizes",button,,button,More,343×48,161×49,ok,,
se,"kebab-land: item editor, an item with sizes",textarea,,,Description,343×96,161×121,ok,label,
se,"kebab-land: item editor, an item with sizes",textarea,,,Description (فارسی),343×96,161×121,ok,label,
se,"kebab-land: item editor, an item with sizes",input,,text,Size 1,101×46,101×47,ok,,
se,"kebab-land: item editor, an item with sizes",input,,text,Size 1 (Persian),101×46,101×47,ok,,
se,"kebab-land: item editor, an item with sizes",input,,text,Size 1 price,88×46,88×47,ok,,
se,"kebab-land: item editor, an item with sizes",button,,button,Remove size 13 oz,44×44,44×45,ok,,
se,"kebab-land: item editor, an item with sizes",input,,text,Size 2,101×46,101×46,ok,,
se,"kebab-land: item editor, an item with sizes",input,,text,Size 2 (Persian),101×46,101×47,ok,,
se,"kebab-land: item editor, an item with sizes",input,,text,Size 2 price,88×46,88×47,ok,,
se,"kebab-land: item editor, an item with sizes",button,,button,Remove size 26 oz,44×44,44×45,ok,,
se,"kebab-land: item editor, an item with sizes",button,,button,Add size,114×44,115×45,ok,,
se,"kebab-land: item editor, an item with sizes",input,,checkbox,Appetizers,22×22,161×45,ok,label,
se,"kebab-land: item editor, an item with sizes",input,,checkbox,Main Menu,22×22,161×45,ok,label,
se,"kebab-land: item editor, an item with sizes",input,,checkbox,Chef's Special,22×22,161×45,ok,label,
se,"kebab-land: item editor, an item with sizes",input,,checkbox,Mixed Kebabs,22×22,161×45,ok,label,
se,"kebab-land: item editor, an item with sizes",input,,checkbox,Platters,22×22,161×45,ok,label,
se,"kebab-land: item editor, an item with sizes",input,,checkbox,Drinks,22×22,161×45,ok,label,
se,"kebab-land: item editor, an item with sizes",input,,checkbox,Dessert,22×22,161×45,ok,label,
se,"kebab-land: item editor, an item with sizes",input,,checkbox,Summer Sip,22×22,161×45,ok,label,
se,"kebab-land: item editor, an item with sizes",input,,checkbox,Must Try,22×22,161×45,ok,label,
se,"kebab-land: item editor, an item with sizes",input,,checkbox,Classics,22×22,161×45,ok,label,
se,"kebab-land: item editor, an item with sizes",input,,checkbox,Beer,22×22,161×45,ok,label,
se,"kebab-land: item editor, an item with sizes",input,,checkbox,Sake,22×22,161×45,ok,label,
se,"kebab-land: item editor, an item with sizes",input,,checkbox,Cocktails,22×22,161×45,ok,label,
se,"kebab-land: item editor, an item with sizes",input,,checkbox,Vodka,22×22,161×45,ok,label,
se,"kebab-land: item editor, an item with sizes",input,,checkbox,Whiskey,22×22,161×45,ok,label,
se,"kebab-land: item editor, an item with sizes",input,,checkbox,Wine Bottles,22×22,161×45,ok,label,
se,"kebab-land: item editor, an item with sizes",input,,checkbox,Traditional Spirits,22×22,161×45,ok,label,
se,"kebab-land: item editor, an item with sizes",input,,checkbox,Wine,22×22,161×45,ok,label,
se,"kebab-land: item editor, an item with sizes",button,,button,Move up,116×44,117×45,ok,,
se,"kebab-land: item editor, an item with sizes",button,,button,Move down,136×44,137×45,ok,,
se,"kebab-land: item editor, an item with sizes",input,,text,Serves,343×46,161×71,ok,label,
se,"kebab-land: item editor, an item with sizes",button,,button,Advanced,343×48,161×49,ok,,
se,"kebab-land: item editor, an item with sizes",button,,button,Add a choice,145×44,146×45,ok,,
se,"kebab-land: item editor, an item with sizes",button,,button,Add a part,127×44,128×45,ok,,
se,"kebab-land: item editor, an item with sizes",input,,text,Allergens,343×46,161×91,ok,label,
se,"kebab-land: item editor, an item with sizes",input,,text,Dietary,343×46,161×91,ok,label,
se,"kebab-land: item editor, an item with sizes",input,,radio,Not set,22×22,111×45,ok,label,
se,"kebab-land: item editor, an item with sizes",input,,radio,Yes,22×22,111×45,ok,label,
se,"kebab-land: item editor, an item with sizes",input,,radio,No,22×22,111×45,ok,label,
se,"kebab-land: item editor, an item with sizes",input,,text,Note,343×46,161×71,ok,label,
se,"kebab-land: item editor, an item with sizes",input,,text,Note (فارسی),343×46,161×71,ok,label,
se,"kebab-land: item editor, an item with sizes",button,,button,Delete this item,167×44,161×45,ok,,
se,"kebab-land: item editor, an item with combo parts",button,,button,DoneClose,81×44,82×44,ok,,
se,"kebab-land: item editor, an item with combo parts",input,,text,Name,343×46,161×70,ok,label,
se,"kebab-land: item editor, an item with combo parts",input,,text,Name (فارسی),343×46,161×70,ok,label,
se,"kebab-land: item editor, an item with combo parts",input,,text,Price,343×46,161×70,ok,label,
se,"kebab-land: item editor, an item with combo parts",input,,file,Choose a photo,1×1,158×44,ok,label,
se,"kebab-land: item editor, an item with combo parts",button,,button,Remove,91×44,91×44,ok,,
se,"kebab-land: item editor, an item with combo parts",input,switch,checkbox,Shown. Tap to hide,51×31,161×57,ok,label,
se,"kebab-land: item editor, an item with combo parts",button,,button,More,343×48,161×48,ok,,
se,"kebab-land: item editor, an item with combo parts",textarea,,,Description,343×96,161×120,ok,label,
se,"kebab-land: item editor, an item with combo parts",textarea,,,Description (فارسی),343×96,161×120,ok,label,
se,"kebab-land: item editor, an item with combo parts",button,,button,Add size,114×44,115×44,ok,,
se,"kebab-land: item editor, an item with combo parts",input,,checkbox,Appetizers,22×22,161×44,ok,label,
se,"kebab-land: item editor, an item with combo parts",input,,checkbox,Main Menu,22×22,161×44,ok,label,
se,"kebab-land: item editor, an item with combo parts",input,,checkbox,Chef's Special,22×22,161×44,ok,label,
se,"kebab-land: item editor, an item with combo parts",input,,checkbox,Mixed Kebabs,22×22,161×44,ok,label,
se,"kebab-land: item editor, an item with combo parts",input,,checkbox,Platters,22×22,161×44,ok,label,
se,"kebab-land: item editor, an item with combo parts",input,,checkbox,Drinks,22×22,161×44,ok,label,
se,"kebab-land: item editor, an item with combo parts",input,,checkbox,Dessert,22×22,161×44,ok,label,
se,"kebab-land: item editor, an item with combo parts",input,,checkbox,Summer Sip,22×22,161×44,ok,label,
se,"kebab-land: item editor, an item with combo parts",input,,checkbox,Must Try,22×22,161×44,ok,label,
se,"kebab-land: item editor, an item with combo parts",input,,checkbox,Classics,22×22,161×44,ok,label,
se,"kebab-land: item editor, an item with combo parts",input,,checkbox,Beer,22×22,161×44,ok,label,
se,"kebab-land: item editor, an item with combo parts",input,,checkbox,Sake,22×22,161×44,ok,label,
se,"kebab-land: item editor, an item with combo parts",input,,checkbox,Cocktails,22×22,161×44,ok,label,
se,"kebab-land: item editor, an item with combo parts",input,,checkbox,Vodka,22×22,161×44,ok,label,
se,"kebab-land: item editor, an item with combo parts",input,,checkbox,Whiskey,22×22,161×44,ok,label,
se,"kebab-land: item editor, an item with combo parts",input,,checkbox,Wine Bottles,22×22,161×44,ok,label,
se,"kebab-land: item editor, an item with combo parts",input,,checkbox,Traditional Spirits,22×22,161×44,ok,label,
se,"kebab-land: item editor, an item with combo parts",input,,checkbox,Wine,22×22,161×44,ok,label,
se,"kebab-land: item editor, an item with combo parts",button,,button,Move up,116×44,117×44,ok,,
se,"kebab-land: item editor, an item with combo parts",button,,button,Move down,136×44,137×44,ok,,
se,"kebab-land: item editor, an item with combo parts",input,,text,Serves,343×46,161×70,ok,label,
se,"kebab-land: item editor, an item with combo parts",button,,button,Advanced,343×48,161×48,ok,,
se,"kebab-land: item editor, an item with combo parts",button,,button,Add a choice,145×44,146×44,ok,,
se,"kebab-land: item editor, an item with combo parts",input,,text,Part 1 quantity,56×46,56×46,ok,,
se,"kebab-land: item editor, an item with combo parts",input,,text,Part 1,117×46,117×46,ok,,
se,"kebab-land: item editor, an item with combo parts",input,,text,Part 1 (Persian),117×46,117×46,ok,,
se,"kebab-land: item editor, an item with combo parts",button,,button,Remove part Darbari Kebab,44×44,44×44,ok,,
se,"kebab-land: item editor, an item with combo parts",input,,text,Part 2 quantity,56×46,56×46,ok,,
se,"kebab-land: item editor, an item with combo parts",input,,text,Part 2,117×46,117×46,ok,,
se,"kebab-land: item editor, an item with combo parts",input,,text,Part 2 (Persian),117×46,117×46,ok,,
se,"kebab-land: item editor, an item with combo parts",button,,button,Remove part Shekari Kebab,44×44,44×44,ok,,
se,"kebab-land: item editor, an item with combo parts",input,,text,Part 3 quantity,56×46,56×46,ok,,
se,"kebab-land: item editor, an item with combo parts",input,,text,Part 3,117×46,117×46,ok,,
se,"kebab-land: item editor, an item with combo parts",input,,text,Part 3 (Persian),117×46,117×46,ok,,
se,"kebab-land: item editor, an item with combo parts",button,,button,Remove part Chicken Leg Kebab,44×44,44×44,ok,,
se,"kebab-land: item editor, an item with combo parts",input,,text,Part 4 quantity,56×46,56×46,ok,,
se,"kebab-land: item editor, an item with combo parts",input,,text,Part 4,117×46,117×46,ok,,
se,"kebab-land: item editor, an item with combo parts",input,,text,Part 4 (Persian),117×46,117×46,ok,,
se,"kebab-land: item editor, an item with combo parts",button,,button,Remove part Chicken Breast Kebab,44×44,44×44,ok,,
se,"kebab-land: item editor, an item with combo parts",input,,text,Part 5 quantity,56×46,56×46,ok,,
se,"kebab-land: item editor, an item with combo parts",input,,text,Part 5,117×46,117×46,ok,,
se,"kebab-land: item editor, an item with combo parts",input,,text,Part 5 (Persian),117×46,117×46,ok,,
se,"kebab-land: item editor, an item with combo parts",button,,button,Remove part Rice serving,44×44,44×44,ok,,
se,"kebab-land: item editor, an item with combo parts",button,,button,Add a part,127×44,128×44,ok,,
se,"kebab-land: item editor, an item with combo parts",input,,text,Allergens,343×46,161×90,ok,label,
se,"kebab-land: item editor, an item with combo parts",input,,text,Dietary,343×46,161×90,ok,label,
se,"kebab-land: item editor, an item with combo parts",input,,radio,Not set,22×22,111×44,ok,label,
se,"kebab-land: item editor, an item with combo parts",input,,radio,Yes,22×22,111×44,ok,label,
se,"kebab-land: item editor, an item with combo parts",input,,radio,No,22×22,111×44,ok,label,
se,"kebab-land: item editor, an item with combo parts",input,,text,Note,343×46,161×70,ok,label,
se,"kebab-land: item editor, an item with combo parts",input,,text,Note (فارسی),343×46,161×70,ok,label,
se,"kebab-land: item editor, an item with combo parts",button,,button,Delete this item,167×44,161×44,ok,,
se,kebab-land: delete confirmation,button,,button,Close,375×548,161×145,ok,,
se,kebab-land: delete confirmation,button,,button,Close,44×44,44×45,ok,,
se,kebab-land: delete confirmation,button,,button,Delete,164×44,161×45,ok,,
se,kebab-land: delete confirmation,button,,button,Cancel,164×44,161×45,ok,,
se,style,a,,,Menu,67×36,69×44,ok,,
se,style,a,,,Style,64×36,65×44,ok,,
se,style,a,,,Details,77×36,78×44,ok,,
se,style,button,,button,Controls: half. Tap to expand,375×20,161×44,ok,,
se,style,button,,button,Welcome,81×36,81×44,ok,,
se,style,button,,button,Menu,59×36,59×44,ok,,
se,style,button,,button,Item popup,95×36,95×44,ok,,
se,style,button,,button,Section list,94×36,94×44,ok,,
se,style,button,,button,EN,44×36,44×44,ok,,
se,style,button,,button,FA,44×36,45×44,ok,,
se,style,button,,button,Replay the welcome animation,88×36,89×44,ok,,
se,style,button,,button,Compare with the venue default: hold to see it,103×36,104×44,ok,,
se,style,button,,button,Fall,45×36,46×44,ok,,
se,style,button,,button,Winter,66×36,65×44,ok,,
se,style,button,,button,Spring,65×36,66×44,ok,,
se,style,button,,button,Summer,76×36,77×44,ok,,
se,style,button,,button,Morning,76×36,76×44,ok,,
se,style,button,,button,Afternoon,87×36,87×44,ok,,
se,style,button,,button,Evening,73×36,74×44,ok,,
se,style,button,,button,BackgroundHeader · #ffffff → #ededed,125×55,125×55,ok,,
se,style,button,,button,Reset Background to auto,96×44,97×45,ok,,
se,style,button,,button,Language buttonHeader · #f2f2f2 → #042c7c,125×55,125×55,ok,,
se,style,button,,button,Reset Language button to auto,96×44,97×45,ok,,
se,style,button,,button,Bar backgroundCategory tabs · #ffffff → #cc9434,125×55,125×55,ok,,
se,style,button,,button,Reset Bar background to auto,96×44,97×45,ok,,
se,style,button,,button,Tab textCategory tabs · #6b6b6b → #2e2e2e,125×55,125×55,ok,,
se,style,button,,button,Reset Tab text to auto,96×44,97×45,ok,,
se,style,button,,button,Active tab textCategory tabs · #1d1d1f → #050505,125×55,125×55,ok,,
se,style,button,,button,Reset Active tab text to auto,96×44,97×45,ok,,
se,style,button,,button,Section-list buttonCategory tabs · #1d1d1f → #333333,125×55,125×55,ok,,
se,style,button,,button,Reset Section-list button to auto,96×44,97×45,ok,,
se,style,button,,button,Section titleSection headings · #1d1d1f → #333333,125×55,125×55,ok,,
se,style,button,,button,Reset Section title to auto,96×44,97×45,ok,,
se,style,button,,button,DescriptionItem rows · #6b6b6b → #333333,125×55,125×55,ok,,
se,style,button,,button,Reset Description to auto,96×44,97×45,ok,,
se,style,button,,button,Discard this session’s changes,273×44,161×45,ok,,
se,style,button,,button,Page: open,349×66,161×66,ok,,
se,style,button,,button,Header: open,349×66,161×66,ok,,
se,style,button,,button,Category tabs: open,349×66,161×66,ok,,
se,style,button,,button,Section headings: open,349×66,161×66,ok,,
se,style,button,,button,Item rows: open,349×66,161×66,ok,,
se,style,button,,button,Item popup: open,349×66,161×66,ok,,
se,style,button,,button,Footer: open,349×66,161×66,ok,,
se,style,button,,button,Welcome: open,349×66,161×66,ok,,
se,style,input,switch,checkbox,Photos in the list: on,51×31,161×58,ok,label,
se,style,button,radio,button,List,70×44,70×44,ok,,
se,style,button,radio,button,Grid,74×44,75×44,ok,,
se,style,button,radio,button,List,70×44,70×44,ok,,
se,style,button,radio,button,Grid,74×44,75×44,ok,,
se,style,button,radio,button,List,70×44,70×44,ok,,
se,style,button,radio,button,Grid,74×44,75×44,ok,,
se,style,button,radio,button,List,70×44,70×44,ok,,
se,style,button,radio,button,Grid,74×44,75×44,ok,,
se,style,button,radio,button,List,70×44,70×44,ok,,
se,style,button,radio,button,Grid,74×44,75×44,ok,,
se,style,button,radio,button,List,70×44,70×44,ok,,
se,style,button,radio,button,Grid,74×44,75×44,ok,,
se,style,button,radio,button,List,70×44,70×44,ok,,
se,style,button,radio,button,Grid,74×44,75×44,ok,,
se,style,button,radio,button,List,70×44,70×44,ok,,
se,style,button,radio,button,Grid,74×44,75×44,ok,,
se,style,button,radio,button,List,70×44,70×44,ok,,
se,style,button,radio,button,Grid,74×44,75×44,ok,,
se,style,button,radio,button,List,70×44,70×44,ok,,
se,style,button,radio,button,Grid,74×44,75×44,ok,,
se,style,button,radio,button,List,70×44,70×44,ok,,
se,style,button,radio,button,Grid,74×44,75×44,ok,,
se,style,button,radio,button,List,70×44,70×44,ok,,
se,style,button,radio,button,Grid,74×44,75×44,ok,,
se,style,button,radio,button,List,70×44,70×44,ok,,
se,style,button,radio,button,Grid,74×44,75×44,ok,,
se,style,button,radio,button,List,70×44,70×44,ok,,
se,style,button,radio,button,Grid,74×44,75×44,ok,,
se,style,button,radio,button,List,70×44,70×44,ok,,
se,style,button,radio,button,Grid,74×44,75×44,ok,,
se,style,button,,button,Reset all colours,172×44,161×44,ok,,
se,style: a colour open,button,,button,"Bar background: #cc9434, Custom",341×55,161×54,ok,,
se,style: a colour open,button,,button,Auto,78×44,79×45,ok,,
se,style: a colour open,button,,button,Bar background: Gold #cc9434,44×44,45×45,ok,,
se,style: a colour open,button,,button,Bar background: Grey #747474,44×44,45×45,ok,,
se,style: a colour open,button,,button,Bar background: Navy #042c7c,44×44,45×45,ok,,
se,style: a colour open,button,,button,Bar background: Text #333333,44×44,45×45,ok,,
se,style: a colour open,button,,button,Bar background: Muted #6b6b6b,44×44,44×45,ok,,
se,style: a colour open,button,,button,Bar background: Site Link #cc3366,44×44,44×45,ok,,
se,style: a colour open,button,,button,Bar background: Background #fff8ee,44×44,44×45,ok,,
se,style: a colour open,input,,color,Bar background: custom colour,24×24,109×45,ok,label,
se,style: a colour open,input,,text,Bar background: hex,317×44,161×45,ok,,
se,style: a colour open,button,,button,Back to auto,144×44,145×45,ok,,
se,style: a colour open,button,,button,"Tab text: #2e2e2e, Custom",341×55,161×55,ok,,
se,style: a colour open,button,,button,"Active tab text: #050505, Custom",341×55,161×54,ok,,
se,style: a colour open,button,,button,"Active tab underline: #1d1d1f, Auto · dark text for the tab ",341×55,161×55,ok,,
se,style: a colour open,button,,button,"Section-list button: #333333, Custom",341×55,161×54,ok,,
se,style: a colour open,button,,button,"Hairline under the bar: #b8852f, Auto · a hairline on the ta",341×55,161×55,ok,,
se,style: a colour open,button,,button,Reset group to venue default,260×44,161×44,ok,,
se,style: Welcome group open,input,switch,checkbox,Welcome screen: on,51×31,161×96,ok,label,
se,style: Welcome group open,button,,button,"Background: #fff8ee, Venue default",341×55,161×54,ok,,
se,style: Welcome group open,button,,button,Background: Gold #cc9434,44×44,44×45,ok,,
se,style: Welcome group open,button,,button,Background: Grey #747474,44×44,44×45,ok,,
se,style: Welcome group open,button,,button,Background: Navy #042c7c,44×44,44×45,ok,,
se,style: Welcome group open,button,,button,Background: Text #333333,44×44,44×45,ok,,
se,style: Welcome group open,button,,button,Background: Muted #6b6b6b,44×44,44×45,ok,,
se,style: Welcome group open,button,,button,Background: Site Link #cc3366,44×44,44×45,ok,,
se,style: Welcome group open,button,,button,Background: Background #fff8ee,44×44,44×45,ok,,
se,style: Welcome group open,input,,color,Background: custom colour,24×24,109×45,ok,label,
se,style: Welcome group open,input,,text,Background: hex,317×44,161×45,ok,,
se,style: Welcome group open,button,,button,"Greeting: #1d1d1f, Auto · dark text for a light background",341×55,161×55,ok,,
se,style: Welcome group open,button,,button,"Language buttons: #f2ece2, Auto · a soft tint of the welcome",341×55,161×54,ok,,
se,style: Welcome group open,button,,button,"Language button text: #1d1d1f, Auto · dark text for the lang",341×55,161×55,ok,,
se,style: Welcome group open,button,,button,"Remembered language button: #042c7c, Venue default",341×55,161×54,ok,,
se,style: Welcome group open,button,,button,"Remembered language button text: #ffffff, Auto · light text ",341×77,161×77,ok,,
se,style: Welcome group open,button,,button,"Winter snow: #b2becc, Auto · pale blue snow for a light back",341×55,161×55,ok,,
se,style: Welcome group open,button,,button,"Spring blossoms: #cc3366, Venue default",341×55,161×54,ok,,
se,style: Welcome group open,button,,button,"Summer light: #cc9434, Venue default",341×55,161×55,ok,,
se,style: Welcome group open,button,,button,Reset group to venue default,260×44,161×44,ok,,
se,details,summary,,,Switch venue,180×44,161×45,ok,,
se,details,a,,,Team,81×44,82×45,ok,,
se,details,summary,,,Account,66×44,66×45,ok,,
se,details,a,,,Menu,67×36,69×44,ok,,
se,details,a,,,Style,64×36,65×44,ok,,
se,details,a,,,Details,77×36,78×44,ok,,
se,details,button,,button,Preview,101×44,101×44,ok,,
se,details,input,,text,Name,317×46,161×71,ok,label,
se,details,input,,text,Name (فارسی),317×46,161×71,ok,label,
se,details,input,,text,Tagline,317×46,161×71,ok,label,
se,details,input,,text,Tagline (فارسی),317×46,161×71,ok,label,
se,details,a,,,/senso,38×15,,exempt,,
se,details,input,,file,Choose a logo file,1×1,125×44,ok,label,
se,details,button,,button,Remove,91×44,91×44,ok,,
se,details,input,,text,Label,291×46,161×71,ok,label,
se,details,input,,text,Label (فارسی),291×46,161×71,ok,label,
se,details,input,,text,Address,291×46,161×71,ok,label,
se,details,input,,text,Phone,291×46,161×71,ok,label,
se,details,input,,text,Hours,291×46,161×71,ok,label,
se,details,input,,text,Hours (فارسی),291×46,161×71,ok,label,
se,details,button,,button,Remove location,108×44,108×45,ok,,
se,details,button,,button,Add location,145×44,145×45,ok,,
se,details,input,switch,checkbox,Persian drafts: shown,51×31,161×138,ok,label,
se,team,summary,,,Switch venue,142×44,143×45,ok,,
se,team,a,,,Team,81×44,82×45,ok,,
se,team,summary,,,Account,66×44,66×45,ok,,
se,team,input,,,Person,309×46,161×75,ok,label,
se,team,input,,radio,"StaffMenu, prices, photos, sections, shown or hidden",22×22,161×73,ok,label,
se,team,input,,radio,"OwnerAlso allergen, dietary and halal notes, Team, Style and",22×22,161×74,ok,label,
se,team,input,,checkbox,Roses Kebab Land,22×22,161×51,ok,label,
se,team,input,,checkbox,Senso Café & Bites,22×22,161×51,ok,label,
se,team,button,,submit,Create PIN,309×44,161×45,ok,,
se,+ add venue,summary,,,Switch venue,142×44,143×45,ok,,
se,+ add venue,a,,,Team,81×44,82×45,ok,,
se,+ add venue,summary,,,Account,66×44,66×45,ok,,
se,+ add venue,input,,,Venue name,301×46,161×71,ok,label,
se,+ add venue,input,,,Venue name in Persian,301×46,161×71,ok,label,
se,+ add venue,button,,submit,Create venue,301×44,161×45,ok,,
